kernel,kind,method,trial,spurious_ref_count,spurious_residual_count,spectral_gap,rank
rbf(gamma=0.2586228563616837),omega=0.5,Principal Components (kDMD),0,,4,0.00019756816675753353,5
rbf(gamma=0.5172457127233674),omega=0.5,Principal Components (kDMD),0,,4,0.000252274900962024,5
rbf(gamma=1.0344914254467348),omega=0.5,Principal Components (kDMD),0,,4,0.00034753887436111963,5
rbf(gamma=2.0689828508934696),omega=0.5,Principal Components (kDMD),0,,5,0.0005803400631058109,5
rbf(gamma=4.137965701786939),omega=0.5,Principal Components (kDMD),0,,5,0.00045319675051191943,5
rbf(gamma=0.11903475762915991),omega=0.5,Principal Components (kDMD),1,,4,3.889328425099592e-06,5
rbf(gamma=0.23806951525831982),omega=0.5,Principal Components (kDMD),1,,4,0.0,5
rbf(gamma=0.47613903051663964),omega=0.5,Principal Components (kDMD),1,,4,4.589694369672159e-06,5
rbf(gamma=0.9522780610332793),omega=0.5,Principal Components (kDMD),1,,4,5.8293960421229585e-05,5
rbf(gamma=1.9045561220665586),omega=0.5,Principal Components (kDMD),1,,4,0.00020919032111477165,5
rbf(gamma=0.2624337080999149),omega=0.5,Principal Components (kDMD),2,,4,0.00023018552478737409,5
rbf(gamma=0.5248674161998298),omega=0.5,Principal Components (kDMD),2,,4,0.0003040067793750323,5
rbf(gamma=1.0497348323996596),omega=0.5,Principal Components (kDMD),2,,4,0.0004710116188119118,5
rbf(gamma=2.099469664799319),omega=0.5,Principal Components (kDMD),2,,5,0.0004995902545051889,5
rbf(gamma=4.198939329598638),omega=0.5,Principal Components (kDMD),2,,5,0.0003158529609150751,5
rbf(gamma=0.14039184272393843),omega=0.5,Principal Components (kDMD),3,,2,0.0002201031470249193,5
rbf(gamma=0.28078368544787685),omega=0.5,Principal Components (kDMD),3,,2,0.0002592197340202107,5
rbf(gamma=0.5615673708957537),omega=0.5,Principal Components (kDMD),3,,2,0.0003650845365597011,5
rbf(gamma=1.1231347417915074),omega=0.5,Principal Components (kDMD),3,,2,0.0004795495956071427,5
rbf(gamma=2.246269483583015),omega=0.5,Principal Components (kDMD),3,,2,0.00011385952529641141,5
rbf(gamma=0.26613940207275383),omega=0.5,Principal Components (kDMD),4,,4,0.00012938862933220552,5
rbf(gamma=0.5322788041455077),omega=0.5,Principal Components (kDMD),4,,4,0.00016342499020693957,5
rbf(gamma=1.0645576082910153),omega=0.5,Principal Components (kDMD),4,,4,0.00023494148129343806,5
rbf(gamma=2.1291152165820306),omega=0.5,Principal Components (kDMD),4,,5,0.0007252672819815231,5
rbf(gamma=4.258230433164061),omega=0.5,Principal Components (kDMD),4,,5,0.0003956222332685,5
rbf(gamma=1.736716296940095),omega=0.5,Principal Components (kDMD),5,,4,0.00176518685902316,5
rbf(gamma=3.47343259388019),omega=0.5,Principal Components (kDMD),5,,5,0.0017059542030175567,5
rbf(gamma=6.94686518776038),omega=0.5,Principal Components (kDMD),5,,5,0.0011295784875355874,5
rbf(gamma=13.89373037552076),omega=0.5,Principal Components (kDMD),5,,5,0.00013684736794061791,5
rbf(gamma=27.78746075104152),omega=0.5,Principal Components (kDMD),5,,5,0.0,5
rbf(gamma=0.10840328821782774),omega=0.5,Principal Components (kDMD),6,,4,4.4355326758949154e-05,5
rbf(gamma=0.21680657643565548),omega=0.5,Principal Components (kDMD),6,,4,6.620797343170892e-05,5
rbf(gamma=0.43361315287131097),omega=0.5,Principal Components (kDMD),6,,4,4.263444832441898e-05,5
rbf(gamma=0.8672263057426219),omega=0.5,Principal Components (kDMD),6,,2,1.6240669493683413e-06,5
rbf(gamma=1.7344526114852439),omega=0.5,Principal Components (kDMD),6,,4,0.0,5
rbf(gamma=0.2640402007709872),omega=0.5,Principal Components (kDMD),7,,4,0.00031867910910232666,5
rbf(gamma=0.5280804015419744),omega=0.5,Principal Components (kDMD),7,,4,0.000402700768577513,5
rbf(gamma=1.0561608030839489),omega=0.5,Principal Components (kDMD),7,,4,0.0004679151350672761,5
rbf(gamma=2.1123216061678978),omega=0.5,Principal Components (kDMD),7,,5,0.00037096037357908784,5
rbf(gamma=4.2246432123357955),omega=0.5,Principal Components (kDMD),7,,5,0.0003354991030957155,5
rbf(gamma=0.26499594084657774),omega=0.5,Principal Components (kDMD),8,,4,0.00016472904508468833,5
rbf(gamma=0.5299918816931555),omega=0.5,Principal Components (kDMD),8,,4,0.00020422038918499474,5
rbf(gamma=1.059983763386311),omega=0.5,Principal Components (kDMD),8,,4,0.00028155545241637103,5
rbf(gamma=2.119967526772622),omega=0.5,Principal Components (kDMD),8,,5,0.000618600815915582,5
rbf(gamma=4.239935053545244),omega=0.5,Principal Components (kDMD),8,,5,0.0004732042119249824,5
rbf(gamma=0.2545512770535249),omega=0.5,Principal Components (kDMD),9,,4,0.00018706890585351577,5
rbf(gamma=0.5091025541070499),omega=0.5,Principal Components (kDMD),9,,4,0.00023644906388675668,5
rbf(gamma=1.0182051082140997),omega=0.5,Principal Components (kDMD),9,,4,0.0003438225218790336,5
rbf(gamma=2.0364102164281994),omega=0.5,Principal Components (kDMD),9,,5,0.0005554190423622263,5
rbf(gamma=4.072820432856399),omega=0.5,Principal Components (kDMD),9,,4,0.00045204389377462295,5
rbf(gamma=0.2586228563616837),omega=0.5,Reduced Rank,0,,4,0.0001970937081477997,5
rbf(gamma=0.5172457127233674),omega=0.5,Reduced Rank,0,,4,0.0002502740685097482,5
rbf(gamma=1.0344914254467348),omega=0.5,Reduced Rank,0,,4,0.0003510562905822967,5
rbf(gamma=2.0689828508934696),omega=0.5,Reduced Rank,0,,5,0.0005827505618916096,5
rbf(gamma=4.137965701786939),omega=0.5,Reduced Rank,0,,5,0.00045599180361910463,5
rbf(gamma=0.11903475762915991),omega=0.5,Reduced Rank,1,,4,5.637474055242286e-06,5
rbf(gamma=0.23806951525831982),omega=0.5,Reduced Rank,1,,4,0.0,5
rbf(gamma=0.47613903051663964),omega=0.5,Reduced Rank,1,,4,6.641685483144144e-06,5
rbf(gamma=0.9522780610332793),omega=0.5,Reduced Rank,1,,4,6.0632277986583105e-05,5
rbf(gamma=1.9045561220665586),omega=0.5,Reduced Rank,1,,4,0.0002144548079542341,5
rbf(gamma=0.2624337080999149),omega=0.5,Reduced Rank,2,,4,0.00022720083487692833,5
rbf(gamma=0.5248674161998298),omega=0.5,Reduced Rank,2,,4,0.0002975141530788816,5
rbf(gamma=1.0497348323996596),omega=0.5,Reduced Rank,2,,4,0.0004758001078291052,5
rbf(gamma=2.099469664799319),omega=0.5,Reduced Rank,2,,5,0.0005911127763120749,5
rbf(gamma=4.198939329598638),omega=0.5,Reduced Rank,2,,5,0.0002510413082734697,5
rbf(gamma=0.14039184272393843),omega=0.5,Reduced Rank,3,,2,0.00022622511166592307,5
rbf(gamma=0.28078368544787685),omega=0.5,Reduced Rank,3,,2,0.00026738831569872445,5
rbf(gamma=0.5615673708957537),omega=0.5,Reduced Rank,3,,2,0.000376029176192727,5
rbf(gamma=1.1231347417915074),omega=0.5,Reduced Rank,3,,2,0.0004755941230607519,5
rbf(gamma=2.246269483583015),omega=0.5,Reduced Rank,3,,2,0.00011730882079263871,5
rbf(gamma=0.26613940207275383),omega=0.5,Reduced Rank,4,,4,0.00012700726680126007,5
rbf(gamma=0.5322788041455077),omega=0.5,Reduced Rank,4,,4,0.0001581572876478976,5
rbf(gamma=1.0645576082910153),omega=0.5,Reduced Rank,4,,4,0.0002235487059828456,5
rbf(gamma=2.1291152165820306),omega=0.5,Reduced Rank,4,,5,0.0007313993377927597,5
rbf(gamma=4.258230433164061),omega=0.5,Reduced Rank,4,,5,0.000414352158409792,5
rbf(gamma=1.736716296940095),omega=0.5,Reduced Rank,5,,4,0.001791714418295287,5
rbf(gamma=3.47343259388019),omega=0.5,Reduced Rank,5,,5,0.0017299674666642062,5
rbf(gamma=6.94686518776038),omega=0.5,Reduced Rank,5,,5,0.0011208633348339658,5
rbf(gamma=13.89373037552076),omega=0.5,Reduced Rank,5,,5,0.00012629976810374366,5
rbf(gamma=27.78746075104152),omega=0.5,Reduced Rank,5,,5,0.0,5
rbf(gamma=0.10840328821782774),omega=0.5,Reduced Rank,6,,4,4.258558997971562e-05,5
rbf(gamma=0.21680657643565548),omega=0.5,Reduced Rank,6,,4,6.416192031521994e-05,5
rbf(gamma=0.43361315287131097),omega=0.5,Reduced Rank,6,,4,4.3536516949438386e-05,5
rbf(gamma=0.8672263057426219),omega=0.5,Reduced Rank,6,,4,6.616803112091674e-06,5
rbf(gamma=1.7344526114852439),omega=0.5,Reduced Rank,6,,4,0.0,5
rbf(gamma=0.2640402007709872),omega=0.5,Reduced Rank,7,,4,0.0003187133660196295,5
rbf(gamma=0.5280804015419744),omega=0.5,Reduced Rank,7,,4,0.00040167560029757965,5
rbf(gamma=1.0561608030839489),omega=0.5,Reduced Rank,7,,4,0.00047239041120572534,5
rbf(gamma=2.1123216061678978),omega=0.5,Reduced Rank,7,,5,0.00040602693859226324,5
rbf(gamma=4.2246432123357955),omega=0.5,Reduced Rank,7,,5,0.00034417011765985883,5
rbf(gamma=0.26499594084657774),omega=0.5,Reduced Rank,8,,4,0.00016437685423942305,5
rbf(gamma=0.5299918816931555),omega=0.5,Reduced Rank,8,,4,0.00020264527132085597,5
rbf(gamma=1.059983763386311),omega=0.5,Reduced Rank,8,,4,0.00027931589155283376,5
rbf(gamma=2.119967526772622),omega=0.5,Reduced Rank,8,,5,0.0006198307654617929,5
rbf(gamma=4.239935053545244),omega=0.5,Reduced Rank,8,,5,0.0004741288711462843,5
rbf(gamma=0.2545512770535249),omega=0.5,Reduced Rank,9,,4,0.00018793398850924792,5
rbf(gamma=0.5091025541070499),omega=0.5,Reduced Rank,9,,4,0.00023718270825368037,5
rbf(gamma=1.0182051082140997),omega=0.5,Reduced Rank,9,,4,0.00034574154764310805,5
rbf(gamma=2.0364102164281994),omega=0.5,Reduced Rank,9,,5,0.0005568947738466834,5
rbf(gamma=4.072820432856399),omega=0.5,Reduced Rank,9,,5,0.00045494008090041227,5
rbf(gamma=0.15087544394796257),omega=0.8,Principal Components (kDMD),0,,4,8.618436563301302e-05,5
rbf(gamma=0.30175088789592514),omega=0.8,Principal Components (kDMD),0,,4,7.584151116590832e-05,5
rbf(gamma=0.6035017757918503),omega=0.8,Principal Components (kDMD),0,,4,6.239688752029959e-05,5
rbf(gamma=1.2070035515837005),omega=0.8,Principal Components (kDMD),0,,4,0.0,5
rbf(gamma=2.414007103167401),omega=0.8,Principal Components (kDMD),0,,5,0.00046364964228584604,5
rbf(gamma=0.08267492256039076),omega=0.8,Principal Components (kDMD),1,,4,0.0,5
rbf(gamma=0.16534984512078152),omega=0.8,Principal Components (kDMD),1,,4,0.0,5
rbf(gamma=0.33069969024156304),omega=0.8,Principal Components (kDMD),1,,2,0.0,5
rbf(gamma=0.6613993804831261),omega=0.8,Principal Components (kDMD),1,,2,0.0,5
rbf(gamma=1.3227987609662522),omega=0.8,Principal Components (kDMD),1,,2,0.0,5
rbf(gamma=0.7233822873163714),omega=0.8,Principal Components (kDMD),2,,2,0.00040219576277233937,5
rbf(gamma=1.4467645746327429),omega=0.8,Principal Components (kDMD),2,,2,0.00040602693545555013,5
rbf(gamma=2.8935291492654858),omega=0.8,Principal Components (kDMD),2,,4,0.00032456425995164295,5
rbf(gamma=5.7870582985309715),omega=0.8,Principal Components (kDMD),2,,4,0.0002412046714860283,5
rbf(gamma=11.574116597061943),omega=0.8,Principal Components (kDMD),2,,4,0.0,5
rbf(gamma=0.040225122233706376),omega=0.8,Principal Components (kDMD),3,,4,0.0,5
rbf(gamma=0.08045024446741275),omega=0.8,Principal Components (kDMD),3,,4,0.0,5
rbf(gamma=0.1609004889348255),omega=0.8,Principal Components (kDMD),3,,4,0.0,5
rbf(gamma=0.321800977869651),omega=0.8,Principal Components (kDMD),3,,4,0.0,5
rbf(gamma=0.643601955739302),omega=0.8,Principal Components (kDMD),3,,4,0.0,5
rbf(gamma=0.42253546860264124),omega=0.8,Principal Components (kDMD),4,,4,0.000227190664503385,5
rbf(gamma=0.8450709372052825),omega=0.8,Principal Components (kDMD),4,,4,2.5854392187718567e-05,5
rbf(gamma=1.690141874410565),omega=0.8,Principal Components (kDMD),4,,5,0.0,5
rbf(gamma=3.38028374882113),omega=0.8,Principal Components (kDMD),4,,5,0.0005631467364166642,5
rbf(gamma=6.76056749764226),omega=0.8,Principal Components (kDMD),4,,5,0.00046011005214519063,5
rbf(gamma=1.0711492864916123),omega=0.8,Principal Components (kDMD),5,,4,0.0015570938106371779,5
rbf(gamma=2.1422985729832247),omega=0.8,Principal Components (kDMD),5,,4,0.001607467499076476,5
rbf(gamma=4.284597145966449),omega=0.8,Principal Components (kDMD),5,,5,0.001418173310362647,5
rbf(gamma=8.569194291932899),omega=0.8,Principal Components (kDMD),5,,5,0.00027657644265921544,5
rbf(gamma=17.138388583865797),omega=0.8,Principal Components (kDMD),5,,5,0.00015142144136226499,5
rbf(gamma=0.8961990358076725),omega=0.8,Principal Components (kDMD),6,,2,0.0,5
rbf(gamma=1.792398071615345),omega=0.8,Principal Components (kDMD),6,,4,0.0,5
rbf(gamma=3.58479614323069),omega=0.8,Principal Components (kDMD),6,,5,0.0,5
rbf(gamma=7.16959228646138),omega=0.8,Principal Components (kDMD),6,,5,0.0,5
rbf(gamma=14.33918457292276),omega=0.8,Principal Components (kDMD),6,,5,0.0,5
rbf(gamma=0.7423910485931123),omega=0.8,Principal Components (kDMD),7,,4,0.00038862781969861704,5
rbf(gamma=1.4847820971862247),omega=0.8,Principal Components (kDMD),7,,4,0.0003597031030809772,5
rbf(gamma=2.9695641943724493),omega=0.8,Principal Components (kDMD),7,,5,0.00024620747236347995,5
rbf(gamma=5.939128388744899),omega=0.8,Principal Components (kDMD),7,,5,0.0001373451577486584,5
rbf(gamma=11.878256777489797),omega=0.8,Principal Components (kDMD),7,,5,0.0,5
rbf(gamma=0.18774986000398033),omega=0.8,Principal Components (kDMD),8,,4,0.0001715080393184243,5
rbf(gamma=0.37549972000796067),omega=0.8,Principal Components (kDMD),8,,4,0.0001968599743999988,5
rbf(gamma=0.7509994400159213),omega=0.8,Principal Components (kDMD),8,,4,0.0002969828804335606,5
rbf(gamma=1.5019988800318427),omega=0.8,Principal Components (kDMD),8,,4,0.00041695830827903624,5
rbf(gamma=3.0039977600636854),omega=0.8,Principal Components (kDMD),8,,5,0.0004907687902671043,5
rbf(gamma=0.5415719103032706),omega=0.8,Principal Components (kDMD),9,,4,0.00039940941666116725,5
rbf(gamma=1.0831438206065411),omega=0.8,Principal Components (kDMD),9,,4,0.00029741456270504507,5
rbf(gamma=2.1662876412130823),omega=0.8,Principal Components (kDMD),9,,5,0.0,5
rbf(gamma=4.3325752824261645),omega=0.8,Principal Components (kDMD),9,,5,0.00034151597821652224,5
rbf(gamma=8.665150564852329),omega=0.8,Principal Components (kDMD),9,,5,0.0002028312404969146,5
rbf(gamma=0.15087544394796257),omega=0.8,Reduced Rank,0,,4,8.921373744574801e-05,5
rbf(gamma=0.30175088789592514),omega=0.8,Reduced Rank,0,,4,7.72559529789163e-05,5
rbf(gamma=0.6035017757918503),omega=0.8,Reduced Rank,0,,4,6.432834488467876e-05,5
rbf(gamma=1.2070035515837005),omega=0.8,Reduced Rank,0,,5,0.0,5
rbf(gamma=2.414007103167401),omega=0.8,Reduced Rank,0,,5,0.0004698599085918298,5
rbf(gamma=0.08267492256039076),omega=0.8,Reduced Rank,1,,4,0.0,5
rbf(gamma=0.16534984512078152),omega=0.8,Reduced Rank,1,,4,0.0,5
rbf(gamma=0.33069969024156304),omega=0.8,Reduced Rank,1,,2,0.0,5
rbf(gamma=0.6613993804831261),omega=0.8,Reduced Rank,1,,2,0.0,5
rbf(gamma=1.3227987609662522),omega=0.8,Reduced Rank,1,,2,0.0,5
rbf(gamma=0.7233822873163714),omega=0.8,Reduced Rank,2,,2,0.0004250467333130059,5
rbf(gamma=1.4467645746327429),omega=0.8,Reduced Rank,2,,2,0.00042271376399394267,5
rbf(gamma=2.8935291492654858),omega=0.8,Reduced Rank,2,,4,0.0003352002469985127,5
rbf(gamma=5.7870582985309715),omega=0.8,Reduced Rank,2,,4,0.0002494901093103019,5
rbf(gamma=11.574116597061943),omega=0.8,Reduced Rank,2,,4,0.0,5
rbf(gamma=0.040225122233706376),omega=0.8,Reduced Rank,3,,4,0.0,5
rbf(gamma=0.08045024446741275),omega=0.8,Reduced Rank,3,,4,0.0,5
rbf(gamma=0.1609004889348255),omega=0.8,Reduced Rank,3,,4,0.0,5
rbf(gamma=0.321800977869651),omega=0.8,Reduced Rank,3,,4,0.0,5
rbf(gamma=0.643601955739302),omega=0.8,Reduced Rank,3,,4,0.0,5
rbf(gamma=0.42253546860264124),omega=0.8,Reduced Rank,4,,4,0.00023027376815842882,5
rbf(gamma=0.8450709372052825),omega=0.8,Reduced Rank,4,,4,3.456616939490065e-05,5
rbf(gamma=1.690141874410565),omega=0.8,Reduced Rank,4,,5,0.0,5
rbf(gamma=3.38028374882113),omega=0.8,Reduced Rank,4,,5,0.0005658898938519785,5
rbf(gamma=6.76056749764226),omega=0.8,Reduced Rank,4,,5,0.00045976617277165843,5
rbf(gamma=1.0711492864916123),omega=0.8,Reduced Rank,5,,4,0.0015829986338671276,5
rbf(gamma=2.1422985729832247),omega=0.8,Reduced Rank,5,,4,0.0016294929016145154,5
rbf(gamma=4.284597145966449),omega=0.8,Reduced Rank,5,,5,0.0013988369983148896,5
rbf(gamma=8.569194291932899),omega=0.8,Reduced Rank,5,,5,0.00027161044106305265,5
rbf(gamma=17.138388583865797),omega=0.8,Reduced Rank,5,,5,0.000151395129672105,5
rbf(gamma=0.8961990358076725),omega=0.8,Reduced Rank,6,,5,9.575922992777208e-06,5
rbf(gamma=1.792398071615345),omega=0.8,Reduced Rank,6,,5,0.0,5
rbf(gamma=3.58479614323069),omega=0.8,Reduced Rank,6,,5,0.0,5
rbf(gamma=7.16959228646138),omega=0.8,Reduced Rank,6,,5,0.0,5
rbf(gamma=14.33918457292276),omega=0.8,Reduced Rank,6,,5,0.0,5
rbf(gamma=0.7423910485931123),omega=0.8,Reduced Rank,7,,4,0.00041365395312542574,5
rbf(gamma=1.4847820971862247),omega=0.8,Reduced Rank,7,,5,0.0003804372759828034,5
rbf(gamma=2.9695641943724493),omega=0.8,Reduced Rank,7,,5,0.000260345063387013,5
rbf(gamma=5.939128388744899),omega=0.8,Reduced Rank,7,,5,0.0001408769891084738,5
rbf(gamma=11.878256777489797),omega=0.8,Reduced Rank,7,,5,0.0,5
rbf(gamma=0.18774986000398033),omega=0.8,Reduced Rank,8,,4,0.00017271583269606872,5
rbf(gamma=0.37549972000796067),omega=0.8,Reduced Rank,8,,4,0.00019853946737491412,5
rbf(gamma=0.7509994400159213),omega=0.8,Reduced Rank,8,,4,0.0002991562206609011,5
rbf(gamma=1.5019988800318427),omega=0.8,Reduced Rank,8,,5,0.0004197848373531654,5
rbf(gamma=3.0039977600636854),omega=0.8,Reduced Rank,8,,5,0.000490930073856255,5
rbf(gamma=0.5415719103032706),omega=0.8,Reduced Rank,9,,4,0.0004076762062549255,5
rbf(gamma=1.0831438206065411),omega=0.8,Reduced Rank,9,,4,0.000300267409685695,5
rbf(gamma=2.1662876412130823),omega=0.8,Reduced Rank,9,,5,0.0,5
rbf(gamma=4.3325752824261645),omega=0.8,Reduced Rank,9,,5,0.00036072444648538315,5
rbf(gamma=8.665150564852329),omega=0.8,Reduced Rank,9,,5,0.00019952464039230122,5
rbf(gamma=0.0978227663349253),omega=1.0,Principal Components (kDMD),0,,4,3.736075436311381e-05,5
rbf(gamma=0.1956455326698506),omega=1.0,Principal Components (kDMD),0,,4,2.142982616448741e-05,5
rbf(gamma=0.3912910653397012),omega=1.0,Principal Components (kDMD),0,,4,0.0,5
rbf(gamma=0.7825821306794024),omega=1.0,Principal Components (kDMD),0,,4,0.0,5
rbf(gamma=1.5651642613588048),omega=1.0,Principal Components (kDMD),0,,4,0.0,5
rbf(gamma=0.15128694180796295),omega=1.0,Principal Components (kDMD),1,,4,0.0001865688180918701,5
rbf(gamma=0.3025738836159259),omega=1.0,Principal Components (kDMD),1,,4,0.00021714553722185226,5
rbf(gamma=0.6051477672318518),omega=1.0,Principal Components (kDMD),1,,4,0.0002849338878975205,5
rbf(gamma=1.2102955344637036),omega=1.0,Principal Components (kDMD),1,,4,0.00024510161318069823,5
rbf(gamma=2.4205910689274073),omega=1.0,Principal Components (kDMD),1,,4,0.0,5
rbf(gamma=0.1399376718065482),omega=1.0,Principal Components (kDMD),2,,4,0.0,5
rbf(gamma=0.2798753436130964),omega=1.0,Principal Components (kDMD),2,,4,0.0,5
rbf(gamma=0.5597506872261928),omega=1.0,Principal Components (kDMD),2,,4,0.0,5
rbf(gamma=1.1195013744523856),omega=1.0,Principal Components (kDMD),2,,4,0.0,5
rbf(gamma=2.2390027489047712),omega=1.0,Principal Components (kDMD),2,,4,0.0,5
rbf(gamma=0.12048861768048315),omega=1.0,Principal Components (kDMD),3,,4,0.0,5
rbf(gamma=0.2409772353609663),omega=1.0,Principal Components (kDMD),3,,4,0.0,5
rbf(gamma=0.4819544707219326),omega=1.0,Principal Components (kDMD),3,,4,0.0,5
rbf(gamma=0.9639089414438652),omega=1.0,Principal Components (kDMD),3,,4,0.0,5
rbf(gamma=1.9278178828877304),omega=1.0,Principal Components (kDMD),3,,4,0.0,5
rbf(gamma=0.09367506747882408),omega=1.0,Principal Components (kDMD),4,,4,0.0,5
rbf(gamma=0.18735013495764816),omega=1.0,Principal Components (kDMD),4,,4,0.0,5
rbf(gamma=0.3747002699152963),omega=1.0,Principal Components (kDMD),4,,4,0.0,5
rbf(gamma=0.7494005398305926),omega=1.0,Principal Components (kDMD),4,,4,0.0,5
rbf(gamma=1.4988010796611853),omega=1.0,Principal Components (kDMD),4,,4,1.817284593919055e-05,5
rbf(gamma=0.09166822095266935),omega=1.0,Principal Components (kDMD),5,,4,0.0,5
rbf(gamma=0.1833364419053387),omega=1.0,Principal Components (kDMD),5,,4,0.0,5
rbf(gamma=0.3666728838106774),omega=1.0,Principal Components (kDMD),5,,4,0.0,5
rbf(gamma=0.7333457676213548),omega=1.0,Principal Components (kDMD),5,,4,0.0,5
rbf(gamma=1.4666915352427097),omega=1.0,Principal Components (kDMD),5,,4,0.0,5
rbf(gamma=0.10706908204209302),omega=1.0,Principal Components (kDMD),6,,4,0.00011146111906878975,5
rbf(gamma=0.21413816408418604),omega=1.0,Principal Components (kDMD),6,,2,0.00010973815071790849,5
rbf(gamma=0.4282763281683721),omega=1.0,Principal Components (kDMD),6,,2,0.00011185990419360081,5
rbf(gamma=0.8565526563367442),omega=1.0,Principal Components (kDMD),6,,2,0.00012622416259644442,5
rbf(gamma=1.7131053126734883),omega=1.0,Principal Components (kDMD),6,,2,0.00016959896111956585,5
rbf(gamma=0.1453101416731566),omega=1.0,Principal Components (kDMD),7,,4,0.0,5
rbf(gamma=0.2906202833463132),omega=1.0,Principal Components (kDMD),7,,4,0.0,5
rbf(gamma=0.5812405666926264),omega=1.0,Principal Components (kDMD),7,,4,0.0,5
rbf(gamma=1.1624811333852527),omega=1.0,Principal Components (kDMD),7,,4,0.0,5
rbf(gamma=2.3249622667705054),omega=1.0,Principal Components (kDMD),7,,5,0.0,5
rbf(gamma=0.10968176965101091),omega=1.0,Principal Components (kDMD),8,,4,0.00010207271022555364,5
rbf(gamma=0.21936353930202182),omega=1.0,Principal Components (kDMD),8,,4,9.854716889012849e-05,5
rbf(gamma=0.43872707860404364),omega=1.0,Principal Components (kDMD),8,,4,9.747486667099903e-05,5
rbf(gamma=0.8774541572080873),omega=1.0,Principal Components (kDMD),8,,4,0.00010234195264735568,5
rbf(gamma=1.7549083144161746),omega=1.0,Principal Components (kDMD),8,,4,3.8510005515135504e-05,5
rbf(gamma=0.1151886230268983),omega=1.0,Principal Components (kDMD),9,,4,3.399470652465375e-05,5
rbf(gamma=0.2303772460537966),omega=1.0,Principal Components (kDMD),9,,4,2.5222649434164524e-05,5
rbf(gamma=0.4607544921075932),omega=1.0,Principal Components (kDMD),9,,4,2.519749824236861e-05,5
rbf(gamma=0.9215089842151865),omega=1.0,Principal Components (kDMD),9,,4,4.085376909856997e-05,5
rbf(gamma=1.843017968430373),omega=1.0,Principal Components (kDMD),9,,4,9.353872817674524e-05,5
rbf(gamma=0.0978227663349253),omega=1.0,Reduced Rank,0,,4,3.94943739232545e-05,5
rbf(gamma=0.1956455326698506),omega=1.0,Reduced Rank,0,,4,2.459446918223751e-05,5
rbf(gamma=0.3912910653397012),omega=1.0,Reduced Rank,0,,4,3.986434381486603e-07,5
rbf(gamma=0.7825821306794024),omega=1.0,Reduced Rank,0,,4,0.0,5
rbf(gamma=1.5651642613588048),omega=1.0,Reduced Rank,0,,4,0.0,5
rbf(gamma=0.15128694180796295),omega=1.0,Reduced Rank,1,,4,0.0001913740093700822,5
rbf(gamma=0.3025738836159259),omega=1.0,Reduced Rank,1,,4,0.00022324939847040426,5
rbf(gamma=0.6051477672318518),omega=1.0,Reduced Rank,1,,4,0.0002849348612529168,5
rbf(gamma=1.2102955344637036),omega=1.0,Reduced Rank,1,,4,0.00024504574892325603,5
rbf(gamma=2.4205910689274073),omega=1.0,Reduced Rank,1,,4,0.0,5
rbf(gamma=0.1399376718065482),omega=1.0,Reduced Rank,2,,4,0.0,5
rbf(gamma=0.2798753436130964),omega=1.0,Reduced Rank,2,,4,0.0,5
rbf(gamma=0.5597506872261928),omega=1.0,Reduced Rank,2,,4,0.0,5
rbf(gamma=1.1195013744523856),omega=1.0,Reduced Rank,2,,4,0.0,5
rbf(gamma=2.2390027489047712),omega=1.0,Reduced Rank,2,,4,0.0,5
rbf(gamma=0.12048861768048315),omega=1.0,Reduced Rank,3,,4,0.0,5
rbf(gamma=0.2409772353609663),omega=1.0,Reduced Rank,3,,4,0.0,5
rbf(gamma=0.4819544707219326),omega=1.0,Reduced Rank,3,,4,0.0,5
rbf(gamma=0.9639089414438652),omega=1.0,Reduced Rank,3,,4,0.0,5
rbf(gamma=1.9278178828877304),omega=1.0,Reduced Rank,3,,4,0.0,5
rbf(gamma=0.09367506747882408),omega=1.0,Reduced Rank,4,,4,0.0,5
rbf(gamma=0.18735013495764816),omega=1.0,Reduced Rank,4,,4,0.0,5
rbf(gamma=0.3747002699152963),omega=1.0,Reduced Rank,4,,4,0.0,5
rbf(gamma=0.7494005398305926),omega=1.0,Reduced Rank,4,,4,0.0,5
rbf(gamma=1.4988010796611853),omega=1.0,Reduced Rank,4,,4,1.6775729767992686e-05,5
rbf(gamma=0.09166822095266935),omega=1.0,Reduced Rank,5,,4,0.0,5
rbf(gamma=0.1833364419053387),omega=1.0,Reduced Rank,5,,4,0.0,5
rbf(gamma=0.3666728838106774),omega=1.0,Reduced Rank,5,,4,0.0,5
rbf(gamma=0.7333457676213548),omega=1.0,Reduced Rank,5,,4,0.0,5
rbf(gamma=1.4666915352427097),omega=1.0,Reduced Rank,5,,4,0.0,5
rbf(gamma=0.10706908204209302),omega=1.0,Reduced Rank,6,,2,0.00010946682489354487,5
rbf(gamma=0.21413816408418604),omega=1.0,Reduced Rank,6,,2,0.00010815450379397795,5
rbf(gamma=0.4282763281683721),omega=1.0,Reduced Rank,6,,2,0.00010969948316874589,5
rbf(gamma=0.8565526563367442),omega=1.0,Reduced Rank,6,,2,0.000123598394603186,5
rbf(gamma=1.7131053126734883),omega=1.0,Reduced Rank,6,,2,0.00016813640966606425,5
rbf(gamma=0.1453101416731566),omega=1.0,Reduced Rank,7,,4,0.0,5
rbf(gamma=0.2906202833463132),omega=1.0,Reduced Rank,7,,4,0.0,5
rbf(gamma=0.5812405666926264),omega=1.0,Reduced Rank,7,,4,0.0,5
rbf(gamma=1.1624811333852527),omega=1.0,Reduced Rank,7,,4,0.0,5
rbf(gamma=2.3249622667705054),omega=1.0,Reduced Rank,7,,5,0.0,5
rbf(gamma=0.10968176965101091),omega=1.0,Reduced Rank,8,,4,0.00010190144023292103,5
rbf(gamma=0.21936353930202182),omega=1.0,Reduced Rank,8,,4,9.783422388132124e-05,5
rbf(gamma=0.43872707860404364),omega=1.0,Reduced Rank,8,,4,9.644711375456083e-05,5
rbf(gamma=0.8774541572080873),omega=1.0,Reduced Rank,8,,4,0.00010011797012510204,5
rbf(gamma=1.7549083144161746),omega=1.0,Reduced Rank,8,,4,3.945787609405116e-05,5
rbf(gamma=0.1151886230268983),omega=1.0,Reduced Rank,9,,4,3.628031106051033e-05,5
rbf(gamma=0.2303772460537966),omega=1.0,Reduced Rank,9,,4,2.729050336836014e-05,5
rbf(gamma=0.4607544921075932),omega=1.0,Reduced Rank,9,,4,2.6745202242439703e-05,5
rbf(gamma=0.9215089842151865),omega=1.0,Reduced Rank,9,,4,4.245978012673568e-05,5
rbf(gamma=1.843017968430373),omega=1.0,Reduced Rank,9,,4,9.70252528115223e-05,5
rbf(gamma=0.12213872348672236),omega=1.2,Principal Components (kDMD),0,,4,0.0,5
rbf(gamma=0.24427744697344472),omega=1.2,Principal Components (kDMD),0,,4,0.0,5
rbf(gamma=0.48855489394688945),omega=1.2,Principal Components (kDMD),0,,4,0.0,5
rbf(gamma=0.9771097878937789),omega=1.2,Principal Components (kDMD),0,,4,0.0,5
rbf(gamma=1.9542195757875578),omega=1.2,Principal Components (kDMD),0,,4,0.0,5
rbf(gamma=0.10210503979393232),omega=1.2,Principal Components (kDMD),1,,4,0.0,5
rbf(gamma=0.20421007958786463),omega=1.2,Principal Components (kDMD),1,,4,0.0,5
rbf(gamma=0.40842015917572927),omega=1.2,Principal Components (kDMD),1,,4,0.0,5
rbf(gamma=0.8168403183514585),omega=1.2,Principal Components (kDMD),1,,4,0.0,5
rbf(gamma=1.633680636702917),omega=1.2,Principal Components (kDMD),1,,4,0.0,5
rbf(gamma=0.10835773493417226),omega=1.2,Principal Components (kDMD),2,,4,0.0,5
rbf(gamma=0.21671546986834453),omega=1.2,Principal Components (kDMD),2,,4,0.0,5
rbf(gamma=0.43343093973668906),omega=1.2,Principal Components (kDMD),2,,4,0.0,5
rbf(gamma=0.8668618794733781),omega=1.2,Principal Components (kDMD),2,,4,0.0,5
rbf(gamma=1.7337237589467562),omega=1.2,Principal Components (kDMD),2,,4,0.0,5
rbf(gamma=0.12632936014066443),omega=1.2,Principal Components (kDMD),3,,4,0.0,5
rbf(gamma=0.25265872028132885),omega=1.2,Principal Components (kDMD),3,,4,0.0,5
rbf(gamma=0.5053174405626577),omega=1.2,Principal Components (kDMD),3,,4,0.0,5
rbf(gamma=1.0106348811253154),omega=1.2,Principal Components (kDMD),3,,4,0.0,5
rbf(gamma=2.021269762250631),omega=1.2,Principal Components (kDMD),3,,4,0.0,5
rbf(gamma=0.17389303561341227),omega=1.2,Principal Components (kDMD),4,,4,0.00010180584766616985,5
rbf(gamma=0.34778607122682453),omega=1.2,Principal Components (kDMD),4,,4,8.99778698401077e-05,5
rbf(gamma=0.6955721424536491),omega=1.2,Principal Components (kDMD),4,,4,8.161961869845857e-05,5
rbf(gamma=1.3911442849072981),omega=1.2,Principal Components (kDMD),4,,4,0.00013341823018642174,5
rbf(gamma=2.7822885698145963),omega=1.2,Principal Components (kDMD),4,,4,1.1535454660038802e-05,5
rbf(gamma=0.09476154683726143),omega=1.2,Principal Components (kDMD),5,,4,0.0,5
rbf(gamma=0.18952309367452286),omega=1.2,Principal Components (kDMD),5,,4,0.0,5
rbf(gamma=0.3790461873490457),omega=1.2,Principal Components (kDMD),5,,4,0.0,5
rbf(gamma=0.7580923746980914),omega=1.2,Principal Components (kDMD),5,,4,0.0,5
rbf(gamma=1.5161847493961829),omega=1.2,Principal Components (kDMD),5,,4,0.0,5
rbf(gamma=0.10432317211131158),omega=1.2,Principal Components (kDMD),6,,4,0.0,5
rbf(gamma=0.20864634422262315),omega=1.2,Principal Components (kDMD),6,,2,0.0,5
rbf(gamma=0.4172926884452463),omega=1.2,Principal Components (kDMD),6,,2,0.0,5
rbf(gamma=0.8345853768904926),omega=1.2,Principal Components (kDMD),6,,4,0.0,5
rbf(gamma=1.6691707537809852),omega=1.2,Principal Components (kDMD),6,,4,0.0,5
rbf(gamma=0.11521616899868364),omega=1.2,Principal Components (kDMD),7,,4,0.00018241825697240532,5
rbf(gamma=0.2304323379973673),omega=1.2,Principal Components (kDMD),7,,4,0.00019683257125213682,5
rbf(gamma=0.4608646759947346),omega=1.2,Principal Components (kDMD),7,,4,0.00022872118756323,5
rbf(gamma=0.9217293519894691),omega=1.2,Principal Components (kDMD),7,,4,0.00025995513117782476,5
rbf(gamma=1.8434587039789383),omega=1.2,Principal Components (kDMD),7,,4,0.0,5
rbf(gamma=0.11944144006950164),omega=1.2,Principal Components (kDMD),8,,4,0.0,5
rbf(gamma=0.23888288013900327),omega=1.2,Principal Components (kDMD),8,,4,0.0,5
rbf(gamma=0.47776576027800655),omega=1.2,Principal Components (kDMD),8,,4,0.0,5
rbf(gamma=0.9555315205560131),omega=1.2,Principal Components (kDMD),8,,4,0.0,5
rbf(gamma=1.9110630411120262),omega=1.2,Principal Components (kDMD),8,,4,0.0,5
rbf(gamma=0.10960747720352937),omega=1.2,Principal Components (kDMD),9,,4,0.0,5
rbf(gamma=0.21921495440705874),omega=1.2,Principal Components (kDMD),9,,4,0.0,5
rbf(gamma=0.4384299088141175),omega=1.2,Principal Components (kDMD),9,,4,0.0,5
rbf(gamma=0.876859817628235),omega=1.2,Principal Components (kDMD),9,,4,0.0,5
rbf(gamma=1.75371963525647),omega=1.2,Principal Components (kDMD),9,,4,0.0,5
rbf(gamma=0.12213872348672236),omega=1.2,Reduced Rank,0,,4,0.0,5
rbf(gamma=0.24427744697344472),omega=1.2,Reduced Rank,0,,4,0.0,5
rbf(gamma=0.48855489394688945),omega=1.2,Reduced Rank,0,,4,0.0,5
rbf(gamma=0.9771097878937789),omega=1.2,Reduced Rank,0,,4,0.0,5
rbf(gamma=1.9542195757875578),omega=1.2,Reduced Rank,0,,4,0.0,5
rbf(gamma=0.10210503979393232),omega=1.2,Reduced Rank,1,,4,0.0,5
rbf(gamma=0.20421007958786463),omega=1.2,Reduced Rank,1,,4,0.0,5
rbf(gamma=0.40842015917572927),omega=1.2,Reduced Rank,1,,4,0.0,5
rbf(gamma=0.8168403183514585),omega=1.2,Reduced Rank,1,,4,0.0,5
rbf(gamma=1.633680636702917),omega=1.2,Reduced Rank,1,,4,0.0,5
rbf(gamma=0.10835773493417226),omega=1.2,Reduced Rank,2,,4,0.0,5
rbf(gamma=0.21671546986834453),omega=1.2,Reduced Rank,2,,4,0.0,5
rbf(gamma=0.43343093973668906),omega=1.2,Reduced Rank,2,,4,0.0,5
rbf(gamma=0.8668618794733781),omega=1.2,Reduced Rank,2,,4,0.0,5
rbf(gamma=1.7337237589467562),omega=1.2,Reduced Rank,2,,4,0.0,5
rbf(gamma=0.12632936014066443),omega=1.2,Reduced Rank,3,,4,0.0,5
rbf(gamma=0.25265872028132885),omega=1.2,Reduced Rank,3,,4,0.0,5
rbf(gamma=0.5053174405626577),omega=1.2,Reduced Rank,3,,4,0.0,5
rbf(gamma=1.0106348811253154),omega=1.2,Reduced Rank,3,,4,0.0,5
rbf(gamma=2.021269762250631),omega=1.2,Reduced Rank,3,,4,0.0,5
rbf(gamma=0.17389303561341227),omega=1.2,Reduced Rank,4,,4,0.00010301583306338014,5
rbf(gamma=0.34778607122682453),omega=1.2,Reduced Rank,4,,4,9.155588564246919e-05,5
rbf(gamma=0.6955721424536491),omega=1.2,Reduced Rank,4,,4,8.328134642321405e-05,5
rbf(gamma=1.3911442849072981),omega=1.2,Reduced Rank,4,,4,0.00013421917869005373,5
rbf(gamma=2.7822885698145963),omega=1.2,Reduced Rank,4,,4,0.0,5
rbf(gamma=0.09476154683726143),omega=1.2,Reduced Rank,5,,4,0.0,5
rbf(gamma=0.18952309367452286),omega=1.2,Reduced Rank,5,,4,0.0,5
rbf(gamma=0.3790461873490457),omega=1.2,Reduced Rank,5,,4,0.0,5
rbf(gamma=0.7580923746980914),omega=1.2,Reduced Rank,5,,4,0.0,5
rbf(gamma=1.5161847493961829),omega=1.2,Reduced Rank,5,,4,0.0,5
rbf(gamma=0.10432317211131158),omega=1.2,Reduced Rank,6,,2,0.0,5
rbf(gamma=0.20864634422262315),omega=1.2,Reduced Rank,6,,2,0.0,5
rbf(gamma=0.4172926884452463),omega=1.2,Reduced Rank,6,,2,0.0,5
rbf(gamma=0.8345853768904926),omega=1.2,Reduced Rank,6,,4,0.0,5
rbf(gamma=1.6691707537809852),omega=1.2,Reduced Rank,6,,4,0.0,5
rbf(gamma=0.11521616899868364),omega=1.2,Reduced Rank,7,,4,0.0001764792101656143,5
rbf(gamma=0.2304323379973673),omega=1.2,Reduced Rank,7,,4,0.00018148730869393948,5
rbf(gamma=0.4608646759947346),omega=1.2,Reduced Rank,7,,4,0.0002053347937718275,5
rbf(gamma=0.9217293519894691),omega=1.2,Reduced Rank,7,,4,0.00024327116040501195,5
rbf(gamma=1.8434587039789383),omega=1.2,Reduced Rank,7,,4,0.0,5
rbf(gamma=0.11944144006950164),omega=1.2,Reduced Rank,8,,4,0.0,5
rbf(gamma=0.23888288013900327),omega=1.2,Reduced Rank,8,,4,0.0,5
rbf(gamma=0.47776576027800655),omega=1.2,Reduced Rank,8,,4,0.0,5
rbf(gamma=0.9555315205560131),omega=1.2,Reduced Rank,8,,4,0.0,5
rbf(gamma=1.9110630411120262),omega=1.2,Reduced Rank,8,,4,0.0,5
rbf(gamma=0.10960747720352937),omega=1.2,Reduced Rank,9,,4,0.0,5
rbf(gamma=0.21921495440705874),omega=1.2,Reduced Rank,9,,4,0.0,5
rbf(gamma=0.4384299088141175),omega=1.2,Reduced Rank,9,,4,0.0,5
rbf(gamma=0.876859817628235),omega=1.2,Reduced Rank,9,,4,0.0,5
rbf(gamma=1.75371963525647),omega=1.2,Reduced Rank,9,,4,0.0,5
rbf(gamma=0.17874042717376168),omega=1.5,Principal Components (kDMD),0,,4,0.00019767845564155895,5
rbf(gamma=0.35748085434752336),omega=1.5,Principal Components (kDMD),0,,4,0.00021309549172454645,5
rbf(gamma=0.7149617086950467),omega=1.5,Principal Components (kDMD),0,,4,8.968676544207632e-05,5
rbf(gamma=1.4299234173900934),omega=1.5,Principal Components (kDMD),0,,5,7.046271194233178e-05,5
rbf(gamma=2.859846834780187),omega=1.5,Principal Components (kDMD),0,,5,4.863012454592308e-05,5
rbf(gamma=0.32111787760956345),omega=1.5,Principal Components (kDMD),1,,4,0.00024579936490920495,5
rbf(gamma=0.6422357552191269),omega=1.5,Principal Components (kDMD),1,,4,0.0002448080894965621,5
rbf(gamma=1.2844715104382538),omega=1.5,Principal Components (kDMD),1,,5,0.00023013366446333894,5
rbf(gamma=2.5689430208765076),omega=1.5,Principal Components (kDMD),1,,5,0.00018997310059742922,5
rbf(gamma=5.137886041753015),omega=1.5,Principal Components (kDMD),1,,5,0.00010619127323874267,5
rbf(gamma=0.15954183797627358),omega=1.5,Principal Components (kDMD),2,,4,0.0001862671687680173,5
rbf(gamma=0.31908367595254716),omega=1.5,Principal Components (kDMD),2,,4,0.00017849406660952472,5
rbf(gamma=0.6381673519050943),omega=1.5,Principal Components (kDMD),2,,4,0.00013365742293947047,5
rbf(gamma=1.2763347038101887),omega=1.5,Principal Components (kDMD),2,,4,1.6851146631413627e-06,5
rbf(gamma=2.5526694076203773),omega=1.5,Principal Components (kDMD),2,,4,0.00023721381576224942,5
rbf(gamma=0.30173383683309535),omega=1.5,Principal Components (kDMD),3,,4,0.0005313939609491447,5
rbf(gamma=0.6034676736661907),omega=1.5,Principal Components (kDMD),3,,5,0.0004851249281730974,5
rbf(gamma=1.2069353473323814),omega=1.5,Principal Components (kDMD),3,,5,0.0003896776502975152,5
rbf(gamma=2.413870694664763),omega=1.5,Principal Components (kDMD),3,,5,0.0002074760508956608,5
rbf(gamma=4.827741389329526),omega=1.5,Principal Components (kDMD),3,,5,7.32656908566387e-05,5
rbf(gamma=0.37287458174360527),omega=1.5,Principal Components (kDMD),4,,4,0.0002006696761828186,5
rbf(gamma=0.7457491634872105),omega=1.5,Principal Components (kDMD),4,,4,0.00025406578719877615,5
rbf(gamma=1.491498326974421),omega=1.5,Principal Components (kDMD),4,,4,0.00034533282383175656,5
rbf(gamma=2.982996653948842),omega=1.5,Principal Components (kDMD),4,,4,0.0004551767020292141,5
rbf(gamma=5.965993307897684),omega=1.5,Principal Components (kDMD),4,,4,0.0005062101203934244,5
rbf(gamma=0.18860606852300818),omega=1.5,Principal Components (kDMD),5,,4,0.0,5
rbf(gamma=0.37721213704601636),omega=1.5,Principal Components (kDMD),5,,4,0.0,5
rbf(gamma=0.7544242740920327),omega=1.5,Principal Components (kDMD),5,,4,0.0,5
rbf(gamma=1.5088485481840654),omega=1.5,Principal Components (kDMD),5,,4,0.0,5
rbf(gamma=3.017697096368131),omega=1.5,Principal Components (kDMD),5,,4,7.766971027134417e-05,5
rbf(gamma=0.293471242170321),omega=1.5,Principal Components (kDMD),6,,4,0.000312038851982277,5
rbf(gamma=0.586942484340642),omega=1.5,Principal Components (kDMD),6,,4,0.00031040918607450063,5
rbf(gamma=1.173884968681284),omega=1.5,Principal Components (kDMD),6,,4,0.00029125020126175016,5
rbf(gamma=2.347769937362568),omega=1.5,Principal Components (kDMD),6,,4,0.00022575092934040697,5
rbf(gamma=4.695539874725136),omega=1.5,Principal Components (kDMD),6,,4,0.00010639287127189867,5
rbf(gamma=0.17243006472998487),omega=1.5,Principal Components (kDMD),7,,4,0.0,5
rbf(gamma=0.34486012945996974),omega=1.5,Principal Components (kDMD),7,,4,0.0,5
rbf(gamma=0.6897202589199395),omega=1.5,Principal Components (kDMD),7,,4,0.0,5
rbf(gamma=1.379440517839879),omega=1.5,Principal Components (kDMD),7,,4,0.0,5
rbf(gamma=2.758881035679758),omega=1.5,Principal Components (kDMD),7,,4,0.0,5
rbf(gamma=0.282937771483782),omega=1.5,Principal Components (kDMD),8,,4,0.00036381388424600036,5
rbf(gamma=0.565875542967564),omega=1.5,Principal Components (kDMD),8,,4,0.0003724349991333087,5
rbf(gamma=1.131751085935128),omega=1.5,Principal Components (kDMD),8,,2,0.0003607404571775996,5
rbf(gamma=2.263502171870256),omega=1.5,Principal Components (kDMD),8,,2,0.0003034759015229094,5
rbf(gamma=4.527004343740512),omega=1.5,Principal Components (kDMD),8,,2,0.00015702399641837061,5
rbf(gamma=0.11078877508879889),omega=1.5,Principal Components (kDMD),9,,4,3.693814306104937e-05,5
rbf(gamma=0.22157755017759778),omega=1.5,Principal Components (kDMD),9,,4,2.4304624866577917e-05,5
rbf(gamma=0.44315510035519556),omega=1.5,Principal Components (kDMD),9,,4,1.7072450725019728e-05,5
rbf(gamma=0.8863102007103911),omega=1.5,Principal Components (kDMD),9,,4,4.1518654247285625e-05,5
rbf(gamma=1.7726204014207823),omega=1.5,Principal Components (kDMD),9,,4,0.00013653291653148436,5
rbf(gamma=0.17874042717376168),omega=1.5,Reduced Rank,0,,4,0.00019347766626087726,5
rbf(gamma=0.35748085434752336),omega=1.5,Reduced Rank,0,,4,0.00020823966810279426,5
rbf(gamma=0.7149617086950467),omega=1.5,Reduced Rank,0,,4,9.010028461331476e-05,5
rbf(gamma=1.4299234173900934),omega=1.5,Reduced Rank,0,,5,7.210431952797691e-05,5
rbf(gamma=2.859846834780187),omega=1.5,Reduced Rank,0,,5,4.272121541704088e-05,5
rbf(gamma=0.32111787760956345),omega=1.5,Reduced Rank,1,,4,0.00025487079211239383,5
rbf(gamma=0.6422357552191269),omega=1.5,Reduced Rank,1,,5,0.0002509997969366573,5
rbf(gamma=1.2844715104382538),omega=1.5,Reduced Rank,1,,5,0.00023685377390769702,5
rbf(gamma=2.5689430208765076),omega=1.5,Reduced Rank,1,,5,0.0001951720217360231,5
rbf(gamma=5.137886041753015),omega=1.5,Reduced Rank,1,,5,0.00010683819896373237,5
rbf(gamma=0.15954183797627358),omega=1.5,Reduced Rank,2,,4,0.00018800876787739007,5
rbf(gamma=0.31908367595254716),omega=1.5,Reduced Rank,2,,4,0.0001798138118496162,5
rbf(gamma=0.6381673519050943),omega=1.5,Reduced Rank,2,,4,0.00013524027527267446,5
rbf(gamma=1.2763347038101887),omega=1.5,Reduced Rank,2,,4,0.0,5
rbf(gamma=2.5526694076203773),omega=1.5,Reduced Rank,2,,4,0.0002344920180151755,5
rbf(gamma=0.30173383683309535),omega=1.5,Reduced Rank,3,,4,0.0005435471775538936,5
rbf(gamma=0.6034676736661907),omega=1.5,Reduced Rank,3,,5,0.0004960723411059353,5
rbf(gamma=1.2069353473323814),omega=1.5,Reduced Rank,3,,5,0.00039192444942237614,5
rbf(gamma=2.413870694664763),omega=1.5,Reduced Rank,3,,5,0.00020847046727767715,5
rbf(gamma=4.827741389329526),omega=1.5,Reduced Rank,3,,5,7.480996412523311e-05,5
rbf(gamma=0.37287458174360527),omega=1.5,Reduced Rank,4,,4,0.000195243661315736,5
rbf(gamma=0.7457491634872105),omega=1.5,Reduced Rank,4,,4,0.00024814994324617867,5
rbf(gamma=1.491498326974421),omega=1.5,Reduced Rank,4,,4,0.0003370652467377111,5
rbf(gamma=2.982996653948842),omega=1.5,Reduced Rank,4,,4,0.0004545048461537249,5
rbf(gamma=5.965993307897684),omega=1.5,Reduced Rank,4,,4,0.0005100342156750814,5
rbf(gamma=0.18860606852300818),omega=1.5,Reduced Rank,5,,4,0.0,5
rbf(gamma=0.37721213704601636),omega=1.5,Reduced Rank,5,,4,0.0,5
rbf(gamma=0.7544242740920327),omega=1.5,Reduced Rank,5,,4,0.0,5
rbf(gamma=1.5088485481840654),omega=1.5,Reduced Rank,5,,4,0.0,5
rbf(gamma=3.017697096368131),omega=1.5,Reduced Rank,5,,4,7.640986216039813e-05,5
rbf(gamma=0.293471242170321),omega=1.5,Reduced Rank,6,,4,0.0003131031544713059,5
rbf(gamma=0.586942484340642),omega=1.5,Reduced Rank,6,,4,0.0003121844373670246,5
rbf(gamma=1.173884968681284),omega=1.5,Reduced Rank,6,,4,0.00029357757915648985,5
rbf(gamma=2.347769937362568),omega=1.5,Reduced Rank,6,,4,0.00022826606784220882,5
rbf(gamma=4.695539874725136),omega=1.5,Reduced Rank,6,,5,0.00010750707376994129,5
rbf(gamma=0.17243006472998487),omega=1.5,Reduced Rank,7,,4,0.0,5
rbf(gamma=0.34486012945996974),omega=1.5,Reduced Rank,7,,4,0.0,5
rbf(gamma=0.6897202589199395),omega=1.5,Reduced Rank,7,,4,0.0,5
rbf(gamma=1.379440517839879),omega=1.5,Reduced Rank,7,,4,0.0,5
rbf(gamma=2.758881035679758),omega=1.5,Reduced Rank,7,,4,0.0,5
rbf(gamma=0.282937771483782),omega=1.5,Reduced Rank,8,,4,0.00036891318612553015,5
rbf(gamma=0.565875542967564),omega=1.5,Reduced Rank,8,,4,0.00037740135875818925,5
rbf(gamma=1.131751085935128),omega=1.5,Reduced Rank,8,,2,0.00036304629123440346,5
rbf(gamma=2.263502171870256),omega=1.5,Reduced Rank,8,,2,0.0003062594506837435,5
rbf(gamma=4.527004343740512),omega=1.5,Reduced Rank,8,,2,0.00015683937681143512,5
rbf(gamma=0.11078877508879889),omega=1.5,Reduced Rank,9,,4,3.270982325886962e-05,5
rbf(gamma=0.22157755017759778),omega=1.5,Reduced Rank,9,,4,1.990071337243382e-05,5
rbf(gamma=0.44315510035519556),omega=1.5,Reduced Rank,9,,4,1.1636731713782211e-05,5
rbf(gamma=0.8863102007103911),omega=1.5,Reduced Rank,9,,4,3.678411392504799e-05,5
rbf(gamma=1.7726204014207823),omega=1.5,Reduced Rank,9,,4,0.00013409763016514198,5
rbf(gamma=0.33079508351849396),omega=2.0,Principal Components (kDMD),0,,4,0.0002508919437923529,5
rbf(gamma=0.6615901670369879),omega=2.0,Principal Components (kDMD),0,,5,0.00027795871424751706,5
rbf(gamma=1.3231803340739758),omega=2.0,Principal Components (kDMD),0,,5,0.00030188487783133766,5
rbf(gamma=2.6463606681479517),omega=2.0,Principal Components (kDMD),0,,5,0.0003161334444243824,5
rbf(gamma=5.292721336295903),omega=2.0,Principal Components (kDMD),0,,5,0.00031403036440891263,5
rbf(gamma=1.0982608774181066),omega=2.0,Principal Components (kDMD),1,,5,0.0006576500623958204,5
rbf(gamma=2.1965217548362133),omega=2.0,Principal Components (kDMD),1,,5,0.0008076755059964746,5
rbf(gamma=4.3930435096724265),omega=2.0,Principal Components (kDMD),1,,5,0.000658221017754923,5
rbf(gamma=8.786087019344853),omega=2.0,Principal Components (kDMD),1,,5,0.00011186681989272529,5
rbf(gamma=17.572174038689706),omega=2.0,Principal Components (kDMD),1,,5,9.838891705715724e-05,5
rbf(gamma=0.3025176336059173),omega=2.0,Principal Components (kDMD),2,,4,0.0010900936758663216,5
rbf(gamma=0.6050352672118346),omega=2.0,Principal Components (kDMD),2,,4,0.0010473944275826153,5
rbf(gamma=1.2100705344236693),omega=2.0,Principal Components (kDMD),2,,4,0.0008441971115529245,5
rbf(gamma=2.4201410688473386),omega=2.0,Principal Components (kDMD),2,,4,0.0006555875753678775,5
rbf(gamma=4.840282137694677),omega=2.0,Principal Components (kDMD),2,,4,0.000575994867005547,5
rbf(gamma=1.1319554646341132),omega=2.0,Principal Components (kDMD),3,,5,0.0006023943596913384,5
rbf(gamma=2.2639109292682265),omega=2.0,Principal Components (kDMD),3,,5,0.0008669442505452318,5
rbf(gamma=4.527821858536453),omega=2.0,Principal Components (kDMD),3,,5,0.0003032244922701599,5
rbf(gamma=9.055643717072906),omega=2.0,Principal Components (kDMD),3,,5,9.754630533320707e-05,5
rbf(gamma=18.11128743414581),omega=2.0,Principal Components (kDMD),3,,5,9.581385076407045e-05,5
rbf(gamma=0.6287739802913623),omega=2.0,Principal Components (kDMD),4,,4,0.0007569491213822443,5
rbf(gamma=1.2575479605827247),omega=2.0,Principal Components (kDMD),4,,4,0.0007600946199773917,5
rbf(gamma=2.5150959211654493),omega=2.0,Principal Components (kDMD),4,,4,0.0007368890781799253,5
rbf(gamma=5.030191842330899),omega=2.0,Principal Components (kDMD),4,,4,9.056420063791037e-05,5
rbf(gamma=10.060383684661797),omega=2.0,Principal Components (kDMD),4,,5,0.0,5
rbf(gamma=0.6002553068711807),omega=2.0,Principal Components (kDMD),5,,4,0.0007429246039674098,5
rbf(gamma=1.2005106137423613),omega=2.0,Principal Components (kDMD),5,,4,0.0008104682015592779,5
rbf(gamma=2.4010212274847227),omega=2.0,Principal Components (kDMD),5,,4,0.0008840040479753952,5
rbf(gamma=4.802042454969445),omega=2.0,Principal Components (kDMD),5,,4,0.0007405562253882669,5
rbf(gamma=9.60408490993889),omega=2.0,Principal Components (kDMD),5,,4,0.0004286397142841958,5
rbf(gamma=0.9728904934744245),omega=2.0,Principal Components (kDMD),6,,4,0.0001267360230454706,5
rbf(gamma=1.945780986948849),omega=2.0,Principal Components (kDMD),6,,5,0.00014722297999947287,5
rbf(gamma=3.891561973897698),omega=2.0,Principal Components (kDMD),6,,5,0.00013123921761826196,5
rbf(gamma=7.783123947795396),omega=2.0,Principal Components (kDMD),6,,5,0.00014266190927525457,5
rbf(gamma=15.566247895590791),omega=2.0,Principal Components (kDMD),6,,5,0.00013106754935265919,5
rbf(gamma=0.3540716452696184),omega=2.0,Principal Components (kDMD),7,,2,0.0006161846803911519,5
rbf(gamma=0.7081432905392367),omega=2.0,Principal Components (kDMD),7,,3,0.00045203885603528615,5
rbf(gamma=1.4162865810784735),omega=2.0,Principal Components (kDMD),7,,5,0.00011058779275696651,5
rbf(gamma=2.832573162156947),omega=2.0,Principal Components (kDMD),7,,5,0.0,5
rbf(gamma=5.665146324313894),omega=2.0,Principal Components (kDMD),7,,5,8.71530423427469e-05,5
rbf(gamma=0.6602766861795265),omega=2.0,Principal Components (kDMD),8,,4,0.0001340720096882908,5
rbf(gamma=1.320553372359053),omega=2.0,Principal Components (kDMD),8,,4,0.0001557312913720299,5
rbf(gamma=2.641106744718106),omega=2.0,Principal Components (kDMD),8,,4,0.0001491947843310637,5
rbf(gamma=5.282213489436212),omega=2.0,Principal Components (kDMD),8,,4,9.572905374066742e-05,5
rbf(gamma=10.564426978872424),omega=2.0,Principal Components (kDMD),8,,4,5.475342644967185e-05,5
rbf(gamma=0.2944879783352341),omega=2.0,Principal Components (kDMD),9,,4,0.0006364500380114935,5
rbf(gamma=0.5889759566704682),omega=2.0,Principal Components (kDMD),9,,4,0.0006752315554524602,5
rbf(gamma=1.1779519133409364),omega=2.0,Principal Components (kDMD),9,,5,0.0006398544109851301,5
rbf(gamma=2.355903826681873),omega=2.0,Principal Components (kDMD),9,,5,0.0005841533409803867,5
rbf(gamma=4.711807653363746),omega=2.0,Principal Components (kDMD),9,,5,0.0005157496451599908,5
rbf(gamma=0.33079508351849396),omega=2.0,Reduced Rank,0,,5,0.0002510950853763516,5
rbf(gamma=0.6615901670369879),omega=2.0,Reduced Rank,0,,5,0.00027838205633989865,5
rbf(gamma=1.3231803340739758),omega=2.0,Reduced Rank,0,,5,0.000301108217804269,5
rbf(gamma=2.6463606681479517),omega=2.0,Reduced Rank,0,,5,0.0003150959005400189,5
rbf(gamma=5.292721336295903),omega=2.0,Reduced Rank,0,,5,0.00031369927337654424,5
rbf(gamma=1.0982608774181066),omega=2.0,Reduced Rank,1,,5,0.0007121895151901425,5
rbf(gamma=2.1965217548362133),omega=2.0,Reduced Rank,1,,5,0.0008766065383787325,5
rbf(gamma=4.3930435096724265),omega=2.0,Reduced Rank,1,,5,0.0006365749798664666,5
rbf(gamma=8.786087019344853),omega=2.0,Reduced Rank,1,,5,0.00011165646046862321,5
rbf(gamma=17.572174038689706),omega=2.0,Reduced Rank,1,,5,9.855229962019152e-05,5
rbf(gamma=0.3025176336059173),omega=2.0,Reduced Rank,2,,4,0.0010688317697793437,5
rbf(gamma=0.6050352672118346),omega=2.0,Reduced Rank,2,,4,0.001034191099223869,5
rbf(gamma=1.2100705344236693),omega=2.0,Reduced Rank,2,,4,0.0008415541750075306,5
rbf(gamma=2.4201410688473386),omega=2.0,Reduced Rank,2,,4,0.0006574073628031751,5
rbf(gamma=4.840282137694677),omega=2.0,Reduced Rank,2,,4,0.0005797303530801212,5
rbf(gamma=1.1319554646341132),omega=2.0,Reduced Rank,3,,5,0.0006579542234604885,5
rbf(gamma=2.2639109292682265),omega=2.0,Reduced Rank,3,,5,0.0009569836112532926,5
rbf(gamma=4.527821858536453),omega=2.0,Reduced Rank,3,,5,0.00029509994634002723,5
rbf(gamma=9.055643717072906),omega=2.0,Reduced Rank,3,,5,9.82908230977575e-05,5
rbf(gamma=18.11128743414581),omega=2.0,Reduced Rank,3,,5,9.836834220089408e-05,5
rbf(gamma=0.6287739802913623),omega=2.0,Reduced Rank,4,,4,0.0007632223662633608,5
rbf(gamma=1.2575479605827247),omega=2.0,Reduced Rank,4,,4,0.000768049318139008,5
rbf(gamma=2.5150959211654493),omega=2.0,Reduced Rank,4,,4,0.000742270399726852,5
rbf(gamma=5.030191842330899),omega=2.0,Reduced Rank,4,,4,8.9080801190633e-05,5
rbf(gamma=10.060383684661797),omega=2.0,Reduced Rank,4,,5,0.0,5
rbf(gamma=0.6002553068711807),omega=2.0,Reduced Rank,5,,4,0.0007372726881694769,5
rbf(gamma=1.2005106137423613),omega=2.0,Reduced Rank,5,,4,0.0008006775928157683,5
rbf(gamma=2.4010212274847227),omega=2.0,Reduced Rank,5,,4,0.000878755935203035,5
rbf(gamma=4.802042454969445),omega=2.0,Reduced Rank,5,,4,0.0007561613972559833,5
rbf(gamma=9.60408490993889),omega=2.0,Reduced Rank,5,,5,0.0004433584373302324,5
rbf(gamma=0.9728904934744245),omega=2.0,Reduced Rank,6,,5,0.0001261189411909669,5
rbf(gamma=1.945780986948849),omega=2.0,Reduced Rank,6,,5,0.00014933572347630708,5
rbf(gamma=3.891561973897698),omega=2.0,Reduced Rank,6,,5,0.00013212905796233798,5
rbf(gamma=7.783123947795396),omega=2.0,Reduced Rank,6,,5,0.000139642096449899,5
rbf(gamma=15.566247895590791),omega=2.0,Reduced Rank,6,,5,0.00013085269541868172,5
rbf(gamma=0.3540716452696184),omega=2.0,Reduced Rank,7,,5,0.0005880106052074119,5
rbf(gamma=0.7081432905392367),omega=2.0,Reduced Rank,7,,5,0.00043577315290255214,5
rbf(gamma=1.4162865810784735),omega=2.0,Reduced Rank,7,,5,0.00010514680684303723,5
rbf(gamma=2.832573162156947),omega=2.0,Reduced Rank,7,,5,0.0,5
rbf(gamma=5.665146324313894),omega=2.0,Reduced Rank,7,,5,9.027821599283392e-05,5
rbf(gamma=0.6602766861795265),omega=2.0,Reduced Rank,8,,4,0.00014211701689137435,5
rbf(gamma=1.320553372359053),omega=2.0,Reduced Rank,8,,4,0.00016516167282421002,5
rbf(gamma=2.641106744718106),omega=2.0,Reduced Rank,8,,4,0.0001606558205502484,5
rbf(gamma=5.282213489436212),omega=2.0,Reduced Rank,8,,4,0.00010605145388953297,5
rbf(gamma=10.564426978872424),omega=2.0,Reduced Rank,8,,4,5.8559342075437115e-05,5
rbf(gamma=0.2944879783352341),omega=2.0,Reduced Rank,9,,4,0.0006329090462606768,5
rbf(gamma=0.5889759566704682),omega=2.0,Reduced Rank,9,,5,0.0006772283931905099,5
rbf(gamma=1.1779519133409364),omega=2.0,Reduced Rank,9,,5,0.0006433421936623551,5
rbf(gamma=2.355903826681873),omega=2.0,Reduced Rank,9,,5,0.0005888789165615638,5
rbf(gamma=4.711807653363746),omega=2.0,Reduced Rank,9,,5,0.0005264684278488696,5
rbf(gamma=1.2888104811430485),omega=3.0,Principal Components (kDMD),0,,5,0.0004688493764339885,5
rbf(gamma=2.577620962286097),omega=3.0,Principal Components (kDMD),0,,5,0.0005492828077123812,5
rbf(gamma=5.155241924572194),omega=3.0,Principal Components (kDMD),0,,5,0.0006073798707114664,5
rbf(gamma=10.310483849144388),omega=3.0,Principal Components (kDMD),0,,5,0.0005803961466808172,5
rbf(gamma=20.620967698288776),omega=3.0,Principal Components (kDMD),0,,5,0.00023760542836903653,5
rbf(gamma=2.2883916839766973),omega=3.0,Principal Components (kDMD),1,,5,0.0006305408114514188,5
rbf(gamma=4.576783367953395),omega=3.0,Principal Components (kDMD),1,,5,0.0006766030669456136,5
rbf(gamma=9.15356673590679),omega=3.0,Principal Components (kDMD),1,,5,0.0007709408821018338,5
rbf(gamma=18.30713347181358),omega=3.0,Principal Components (kDMD),1,,5,0.0006240771893523123,5
rbf(gamma=36.61426694362716),omega=3.0,Principal Components (kDMD),1,,5,0.0007121860875116681,5
rbf(gamma=1.8034541136894202),omega=3.0,Principal Components (kDMD),2,,5,0.0006027219792595906,5
rbf(gamma=3.6069082273788404),omega=3.0,Principal Components (kDMD),2,,5,0.0005128206861242379,5
rbf(gamma=7.213816454757681),omega=3.0,Principal Components (kDMD),2,,5,0.0004630899167342717,5
rbf(gamma=14.427632909515362),omega=3.0,Principal Components (kDMD),2,,5,0.00031247670459655374,5
rbf(gamma=28.855265819030723),omega=3.0,Principal Components (kDMD),2,,5,0.0009970278645320407,5
rbf(gamma=2.0705224568374176),omega=3.0,Principal Components (kDMD),3,,5,0.0006641773548080598,5
rbf(gamma=4.141044913674835),omega=3.0,Principal Components (kDMD),3,,5,0.0007573901158678398,5
rbf(gamma=8.28208982734967),omega=3.0,Principal Components (kDMD),3,,5,0.0008844190708399147,5
rbf(gamma=16.56417965469934),omega=3.0,Principal Components (kDMD),3,,5,0.0006255037285887166,5
rbf(gamma=33.12835930939868),omega=3.0,Principal Components (kDMD),3,,5,0.0008958528462984505,5
rbf(gamma=2.235494283465692),omega=3.0,Principal Components (kDMD),4,,4,0.0005030388688639365,5
rbf(gamma=4.470988566931384),omega=3.0,Principal Components (kDMD),4,,5,0.00048501177746096413,5
rbf(gamma=8.941977133862768),omega=3.0,Principal Components (kDMD),4,,5,0.0005151981331681377,5
rbf(gamma=17.883954267725535),omega=3.0,Principal Components (kDMD),4,,5,0.0006422836833749335,5
rbf(gamma=35.76790853545107),omega=3.0,Principal Components (kDMD),4,,5,0.0013359966821271385,5
rbf(gamma=2.3523626392073074),omega=3.0,Principal Components (kDMD),5,,4,0.0005760445156923755,5
rbf(gamma=4.704725278414615),omega=3.0,Principal Components (kDMD),5,,4,0.0005674074331059042,5
rbf(gamma=9.40945055682923),omega=3.0,Principal Components (kDMD),5,,5,0.000566615453097441,5
rbf(gamma=18.81890111365846),omega=3.0,Principal Components (kDMD),5,,5,0.0008093947635516852,5
rbf(gamma=37.63780222731692),omega=3.0,Principal Components (kDMD),5,,5,0.000868928632978716,5
rbf(gamma=1.9938954765155223),omega=3.0,Principal Components (kDMD),6,,4,0.0005371615184025513,5
rbf(gamma=3.9877909530310447),omega=3.0,Principal Components (kDMD),6,,5,0.0005217930458312203,5
rbf(gamma=7.975581906062089),omega=3.0,Principal Components (kDMD),6,,5,0.0005384448038174838,5
rbf(gamma=15.951163812124179),omega=3.0,Principal Components (kDMD),6,,5,0.0005625501021139234,5
rbf(gamma=31.902327624248358),omega=3.0,Principal Components (kDMD),6,,5,0.0011270371407825497,5
rbf(gamma=1.6905692603043003),omega=3.0,Principal Components (kDMD),7,,5,0.0007296289683077495,5
rbf(gamma=3.3811385206086007),omega=3.0,Principal Components (kDMD),7,,5,0.0005163266954443246,5
rbf(gamma=6.762277041217201),omega=3.0,Principal Components (kDMD),7,,5,0.00048506203787224145,5
rbf(gamma=13.524554082434403),omega=3.0,Principal Components (kDMD),7,,5,0.0005076696469941133,5
rbf(gamma=27.049108164868805),omega=3.0,Principal Components (kDMD),7,,5,0.0011018864388847582,5
rbf(gamma=1.5623630701105855),omega=3.0,Principal Components (kDMD),8,,4,0.000455295615828355,5
rbf(gamma=3.124726140221171),omega=3.0,Principal Components (kDMD),8,,4,0.0005128416467462538,5
rbf(gamma=6.249452280442342),omega=3.0,Principal Components (kDMD),8,,5,0.0005615017631245278,5
rbf(gamma=12.498904560884684),omega=3.0,Principal Components (kDMD),8,,5,0.0005389709218003302,5
rbf(gamma=24.997809121769368),omega=3.0,Principal Components (kDMD),8,,5,0.0002037610690637237,5
rbf(gamma=1.6036112109695864),omega=3.0,Principal Components (kDMD),9,,5,0.0005384370980873188,5
rbf(gamma=3.2072224219391727),omega=3.0,Principal Components (kDMD),9,,5,0.0005701547330968504,5
rbf(gamma=6.4144448438783455),omega=3.0,Principal Components (kDMD),9,,5,0.0005796118552909846,5
rbf(gamma=12.828889687756691),omega=3.0,Principal Components (kDMD),9,,5,0.0005432131686298192,5
rbf(gamma=25.657779375513382),omega=3.0,Principal Components (kDMD),9,,5,0.0005724317741047091,5
rbf(gamma=1.2888104811430485),omega=3.0,Reduced Rank,0,,5,0.00046960962256614724,5
rbf(gamma=2.577620962286097),omega=3.0,Reduced Rank,0,,5,0.0005515869131151874,5
rbf(gamma=5.155241924572194),omega=3.0,Reduced Rank,0,,5,0.0006081414177421252,5
rbf(gamma=10.310483849144388),omega=3.0,Reduced Rank,0,,5,0.000580275039182454,5
rbf(gamma=20.620967698288776),omega=3.0,Reduced Rank,0,,5,0.0002715047375003721,5
rbf(gamma=2.2883916839766973),omega=3.0,Reduced Rank,1,,5,0.000636730709651534,5
rbf(gamma=4.576783367953395),omega=3.0,Reduced Rank,1,,5,0.0006843850771588444,5
rbf(gamma=9.15356673590679),omega=3.0,Reduced Rank,1,,5,0.0007795064777958993,5
rbf(gamma=18.30713347181358),omega=3.0,Reduced Rank,1,,5,0.0006329753789550141,5
rbf(gamma=36.61426694362716),omega=3.0,Reduced Rank,1,,5,0.0007167492968165323,5
rbf(gamma=1.8034541136894202),omega=3.0,Reduced Rank,2,,5,0.0006023612617805929,5
rbf(gamma=3.6069082273788404),omega=3.0,Reduced Rank,2,,5,0.0005101000311968917,5
rbf(gamma=7.213816454757681),omega=3.0,Reduced Rank,2,,5,0.0004557101612787662,5
rbf(gamma=14.427632909515362),omega=3.0,Reduced Rank,2,,5,0.00030947736487907385,5
rbf(gamma=28.855265819030723),omega=3.0,Reduced Rank,2,,5,0.0009733019372366591,5
rbf(gamma=2.0705224568374176),omega=3.0,Reduced Rank,3,,5,0.0006740913407202731,5
rbf(gamma=4.141044913674835),omega=3.0,Reduced Rank,3,,5,0.00076781405676285,5
rbf(gamma=8.28208982734967),omega=3.0,Reduced Rank,3,,5,0.0008927737409363257,5
rbf(gamma=16.56417965469934),omega=3.0,Reduced Rank,3,,5,0.000630738097282868,5
rbf(gamma=33.12835930939868),omega=3.0,Reduced Rank,3,,5,0.0008973225192315804,5
rbf(gamma=2.235494283465692),omega=3.0,Reduced Rank,4,,4,0.0004949823984576884,5
rbf(gamma=4.470988566931384),omega=3.0,Reduced Rank,4,,5,0.0004825757263626773,5
rbf(gamma=8.941977133862768),omega=3.0,Reduced Rank,4,,5,0.0005120950022702297,5
rbf(gamma=17.883954267725535),omega=3.0,Reduced Rank,4,,5,0.0006383782719320275,5
rbf(gamma=35.76790853545107),omega=3.0,Reduced Rank,4,,5,0.001343620926253286,5
rbf(gamma=2.3523626392073074),omega=3.0,Reduced Rank,5,,4,0.0005774588620889309,5
rbf(gamma=4.704725278414615),omega=3.0,Reduced Rank,5,,5,0.0005706456226792778,5
rbf(gamma=9.40945055682923),omega=3.0,Reduced Rank,5,,5,0.0005651091478507952,5
rbf(gamma=18.81890111365846),omega=3.0,Reduced Rank,5,,5,0.0008010660074494469,5
rbf(gamma=37.63780222731692),omega=3.0,Reduced Rank,5,,5,0.0008884011950150983,5
rbf(gamma=1.9938954765155223),omega=3.0,Reduced Rank,6,,4,0.0005331629426296169,5
rbf(gamma=3.9877909530310447),omega=3.0,Reduced Rank,6,,5,0.0005159129964285025,5
rbf(gamma=7.975581906062089),omega=3.0,Reduced Rank,6,,5,0.0005361003313189006,5
rbf(gamma=15.951163812124179),omega=3.0,Reduced Rank,6,,5,0.0005618637841701135,5
rbf(gamma=31.902327624248358),omega=3.0,Reduced Rank,6,,5,0.0011263381295346653,5
rbf(gamma=1.6905692603043003),omega=3.0,Reduced Rank,7,,5,0.0007300947386567058,5
rbf(gamma=3.3811385206086007),omega=3.0,Reduced Rank,7,,5,0.0005160758313424996,5
rbf(gamma=6.762277041217201),omega=3.0,Reduced Rank,7,,5,0.0004791948475775243,5
rbf(gamma=13.524554082434403),omega=3.0,Reduced Rank,7,,5,0.000500060802172797,5
rbf(gamma=27.049108164868805),omega=3.0,Reduced Rank,7,,5,0.001079619755773198,5
rbf(gamma=1.5623630701105855),omega=3.0,Reduced Rank,8,,4,0.0004576063509705852,5
rbf(gamma=3.124726140221171),omega=3.0,Reduced Rank,8,,4,0.0005147931347461165,5
rbf(gamma=6.249452280442342),omega=3.0,Reduced Rank,8,,5,0.0005650823926293125,5
rbf(gamma=12.498904560884684),omega=3.0,Reduced Rank,8,,5,0.0005416423879200938,5
rbf(gamma=24.997809121769368),omega=3.0,Reduced Rank,8,,5,0.00023711945089199826,5
rbf(gamma=1.6036112109695864),omega=3.0,Reduced Rank,9,,5,0.0005412472673119728,5
rbf(gamma=3.2072224219391727),omega=3.0,Reduced Rank,9,,5,0.0005711709456507341,5
rbf(gamma=6.4144448438783455),omega=3.0,Reduced Rank,9,,5,0.0005776348520494246,5
rbf(gamma=12.828889687756691),omega=3.0,Reduced Rank,9,,5,0.0005401910654777575,5
rbf(gamma=25.657779375513382),omega=3.0,Reduced Rank,9,,5,0.0005720034251096573,5
