kernel,kind,method,bias_gap_corr
rbf(gamma=0.040225122233706376),omega=0.8,Principle Components (kDMD),
rbf(gamma=0.040225122233706376),omega=0.8,Reduced Rank,
rbf(gamma=0.08045024446741275),omega=0.8,Principle Components (kDMD),
rbf(gamma=0.08045024446741275),omega=0.8,Reduced Rank,
rbf(gamma=0.08267492256039076),omega=0.8,Principle Components (kDMD),
rbf(gamma=0.08267492256039076),omega=0.8,Reduced Rank,
rbf(gamma=0.09166822095266935),omega=1.0,Principle Components (kDMD),
rbf(gamma=0.09166822095266935),omega=1.0,Reduced Rank,
rbf(gamma=0.09367506747882408),omega=1.0,Principle Components (kDMD),
rbf(gamma=0.09367506747882408),omega=1.0,Reduced Rank,
rbf(gamma=0.09476154683726143),omega=1.2,Principle Components (kDMD),
rbf(gamma=0.09476154683726143),omega=1.2,Reduced Rank,
rbf(gamma=0.0978227663349253),omega=1.0,Principle Components (kDMD),
rbf(gamma=0.0978227663349253),omega=1.0,Reduced Rank,
rbf(gamma=0.10210503979393232),omega=1.2,Principle Components (kDMD),
rbf(gamma=0.10210503979393232),omega=1.2,Reduced Rank,
rbf(gamma=0.10432317211131158),omega=1.2,Principle Components (kDMD),
rbf(gamma=0.10432317211131158),omega=1.2,Reduced Rank,
rbf(gamma=0.10706908204209302),omega=1.0,Principle Components (kDMD),
rbf(gamma=0.10706908204209302),omega=1.0,Reduced Rank,
rbf(gamma=0.10835773493417226),omega=1.2,Principle Components (kDMD),
rbf(gamma=0.10835773493417226),omega=1.2,Reduced Rank,
rbf(gamma=0.10840328821782774),omega=0.5,Principle Components (kDMD),
rbf(gamma=0.10840328821782774),omega=0.5,Reduced Rank,
rbf(gamma=0.10960747720352937),omega=1.2,Principle Components (kDMD),
rbf(gamma=0.10960747720352937),omega=1.2,Reduced Rank,
rbf(gamma=0.10968176965101091),omega=1.0,Principle Components (kDMD),
rbf(gamma=0.10968176965101091),omega=1.0,Reduced Rank,
rbf(gamma=0.11078877508879889),omega=1.5,Principle Components (kDMD),
rbf(gamma=0.11078877508879889),omega=1.5,Reduced Rank,
rbf(gamma=0.1151886230268983),omega=1.0,Principle Components (kDMD),
rbf(gamma=0.1151886230268983),omega=1.0,Reduced Rank,
rbf(gamma=0.11521616899868364),omega=1.2,Principle Components (kDMD),
rbf(gamma=0.11521616899868364),omega=1.2,Reduced Rank,
rbf(gamma=0.11903475762915991),omega=0.5,Principle Components (kDMD),
rbf(gamma=0.11903475762915991),omega=0.5,Reduced Rank,
rbf(gamma=0.11944144006950164),omega=1.2,Principle Components (kDMD),
rbf(gamma=0.11944144006950164),omega=1.2,Reduced Rank,
rbf(gamma=0.12048861768048315),omega=1.0,Principle Components (kDMD),
rbf(gamma=0.12048861768048315),omega=1.0,Reduced Rank,
rbf(gamma=0.12213872348672236),omega=1.2,Principle Components (kDMD),
rbf(gamma=0.12213872348672236),omega=1.2,Reduced Rank,
rbf(gamma=0.12632936014066443),omega=1.2,Principle Components (kDMD),
rbf(gamma=0.12632936014066443),omega=1.2,Reduced Rank,
rbf(gamma=0.1399376718065482),omega=1.0,Principle Components (kDMD),
rbf(gamma=0.1399376718065482),omega=1.0,Reduced Rank,
rbf(gamma=0.14039184272393843),omega=0.5,Principle Components (kDMD),
rbf(gamma=0.14039184272393843),omega=0.5,Reduced Rank,
rbf(gamma=0.1453101416731566),omega=1.0,Principle Components (kDMD),
rbf(gamma=0.1453101416731566),omega=1.0,Reduced Rank,
rbf(gamma=0.15087544394796257),omega=0.8,Principle Components (kDMD),
rbf(gamma=0.15087544394796257),omega=0.8,Reduced Rank,
rbf(gamma=0.15128694180796295),omega=1.0,Principle Components (kDMD),
rbf(gamma=0.15128694180796295),omega=1.0,Reduced Rank,
rbf(gamma=0.15954183797627358),omega=1.5,Principle Components (kDMD),
rbf(gamma=0.15954183797627358),omega=1.5,Reduced Rank,
rbf(gamma=0.1609004889348255),omega=0.8,Principle Components (kDMD),
rbf(gamma=0.1609004889348255),omega=0.8,Reduced Rank,
rbf(gamma=0.16534984512078152),omega=0.8,Principle Components (kDMD),
rbf(gamma=0.16534984512078152),omega=0.8,Reduced Rank,
rbf(gamma=0.17243006472998487),omega=1.5,Principle Components (kDMD),
rbf(gamma=0.17243006472998487),omega=1.5,Reduced Rank,
rbf(gamma=0.17389303561341227),omega=1.2,Principle Components (kDMD),
rbf(gamma=0.17389303561341227),omega=1.2,Reduced Rank,
rbf(gamma=0.17874042717376168),omega=1.5,Principle Components (kDMD),
rbf(gamma=0.17874042717376168),omega=1.5,Reduced Rank,
rbf(gamma=0.1833364419053387),omega=1.0,Principle Components (kDMD),
rbf(gamma=0.1833364419053387),omega=1.0,Reduced Rank,
rbf(gamma=0.18735013495764816),omega=1.0,Principle Components (kDMD),
rbf(gamma=0.18735013495764816),omega=1.0,Reduced Rank,
rbf(gamma=0.18774986000398033),omega=0.8,Principle Components (kDMD),
rbf(gamma=0.18774986000398033),omega=0.8,Reduced Rank,
rbf(gamma=0.18860606852300818),omega=1.5,Principle Components (kDMD),
rbf(gamma=0.18860606852300818),omega=1.5,Reduced Rank,
rbf(gamma=0.18952309367452286),omega=1.2,Principle Components (kDMD),
rbf(gamma=0.18952309367452286),omega=1.2,Reduced Rank,
rbf(gamma=0.1956455326698506),omega=1.0,Principle Components (kDMD),
rbf(gamma=0.1956455326698506),omega=1.0,Reduced Rank,
rbf(gamma=0.20421007958786463),omega=1.2,Principle Components (kDMD),
rbf(gamma=0.20421007958786463),omega=1.2,Reduced Rank,
rbf(gamma=0.20864634422262315),omega=1.2,Principle Components (kDMD),
rbf(gamma=0.20864634422262315),omega=1.2,Reduced Rank,
rbf(gamma=0.21413816408418604),omega=1.0,Principle Components (kDMD),
rbf(gamma=0.21413816408418604),omega=1.0,Reduced Rank,
rbf(gamma=0.21671546986834453),omega=1.2,Principle Components (kDMD),
rbf(gamma=0.21671546986834453),omega=1.2,Reduced Rank,
rbf(gamma=0.21680657643565548),omega=0.5,Principle Components (kDMD),
rbf(gamma=0.21680657643565548),omega=0.5,Reduced Rank,
rbf(gamma=0.21921495440705874),omega=1.2,Principle Components (kDMD),
rbf(gamma=0.21921495440705874),omega=1.2,Reduced Rank,
rbf(gamma=0.21936353930202182),omega=1.0,Principle Components (kDMD),
rbf(gamma=0.21936353930202182),omega=1.0,Reduced Rank,
rbf(gamma=0.22157755017759778),omega=1.5,Principle Components (kDMD),
rbf(gamma=0.22157755017759778),omega=1.5,Reduced Rank,
rbf(gamma=0.2303772460537966),omega=1.0,Principle Components (kDMD),
rbf(gamma=0.2303772460537966),omega=1.0,Reduced Rank,
rbf(gamma=0.2304323379973673),omega=1.2,Principle Components (kDMD),
rbf(gamma=0.2304323379973673),omega=1.2,Reduced Rank,
rbf(gamma=0.23806951525831982),omega=0.5,Principle Components (kDMD),
rbf(gamma=0.23806951525831982),omega=0.5,Reduced Rank,
rbf(gamma=0.23888288013900327),omega=1.2,Principle Components (kDMD),
rbf(gamma=0.23888288013900327),omega=1.2,Reduced Rank,
rbf(gamma=0.2409772353609663),omega=1.0,Principle Components (kDMD),
rbf(gamma=0.2409772353609663),omega=1.0,Reduced Rank,
rbf(gamma=0.24427744697344472),omega=1.2,Principle Components (kDMD),
rbf(gamma=0.24427744697344472),omega=1.2,Reduced Rank,
rbf(gamma=0.25265872028132885),omega=1.2,Principle Components (kDMD),
rbf(gamma=0.25265872028132885),omega=1.2,Reduced Rank,
rbf(gamma=0.2545512770535249),omega=0.5,Principle Components (kDMD),
rbf(gamma=0.2545512770535249),omega=0.5,Reduced Rank,
rbf(gamma=0.2586228563616837),omega=0.5,Principle Components (kDMD),
rbf(gamma=0.2586228563616837),omega=0.5,Reduced Rank,
rbf(gamma=0.2624337080999149),omega=0.5,Principle Components (kDMD),
rbf(gamma=0.2624337080999149),omega=0.5,Reduced Rank,
rbf(gamma=0.2640402007709872),omega=0.5,Principle Components (kDMD),
rbf(gamma=0.2640402007709872),omega=0.5,Reduced Rank,
rbf(gamma=0.26499594084657774),omega=0.5,Principle Components (kDMD),
rbf(gamma=0.26499594084657774),omega=0.5,Reduced Rank,
rbf(gamma=0.26613940207275383),omega=0.5,Principle Components (kDMD),
rbf(gamma=0.26613940207275383),omega=0.5,Reduced Rank,
rbf(gamma=0.2798753436130964),omega=1.0,Principle Components (kDMD),
rbf(gamma=0.2798753436130964),omega=1.0,Reduced Rank,
rbf(gamma=0.28078368544787685),omega=0.5,Principle Components (kDMD),
rbf(gamma=0.28078368544787685),omega=0.5,Reduced Rank,
rbf(gamma=0.282937771483782),omega=1.5,Principle Components (kDMD),
rbf(gamma=0.282937771483782),omega=1.5,Reduced Rank,
rbf(gamma=0.2906202833463132),omega=1.0,Principle Components (kDMD),
rbf(gamma=0.2906202833463132),omega=1.0,Reduced Rank,
rbf(gamma=0.293471242170321),omega=1.5,Principle Components (kDMD),
rbf(gamma=0.293471242170321),omega=1.5,Reduced Rank,
rbf(gamma=0.2944879783352341),omega=2.0,Principle Components (kDMD),
rbf(gamma=0.2944879783352341),omega=2.0,Reduced Rank,
rbf(gamma=0.30173383683309535),omega=1.5,Principle Components (kDMD),
rbf(gamma=0.30173383683309535),omega=1.5,Reduced Rank,
rbf(gamma=0.30175088789592514),omega=0.8,Principle Components (kDMD),
rbf(gamma=0.30175088789592514),omega=0.8,Reduced Rank,
rbf(gamma=0.3025176336059173),omega=2.0,Principle Components (kDMD),
rbf(gamma=0.3025176336059173),omega=2.0,Reduced Rank,
rbf(gamma=0.3025738836159259),omega=1.0,Principle Components (kDMD),
rbf(gamma=0.3025738836159259),omega=1.0,Reduced Rank,
rbf(gamma=0.31908367595254716),omega=1.5,Principle Components (kDMD),
rbf(gamma=0.31908367595254716),omega=1.5,Reduced Rank,
rbf(gamma=0.32111787760956345),omega=1.5,Principle Components (kDMD),
rbf(gamma=0.32111787760956345),omega=1.5,Reduced Rank,
rbf(gamma=0.321800977869651),omega=0.8,Principle Components (kDMD),
rbf(gamma=0.321800977869651),omega=0.8,Reduced Rank,
rbf(gamma=0.33069969024156304),omega=0.8,Principle Components (kDMD),
rbf(gamma=0.33069969024156304),omega=0.8,Reduced Rank,
rbf(gamma=0.33079508351849396),omega=2.0,Principle Components (kDMD),
rbf(gamma=0.33079508351849396),omega=2.0,Reduced Rank,
rbf(gamma=0.34486012945996974),omega=1.5,Principle Components (kDMD),
rbf(gamma=0.34486012945996974),omega=1.5,Reduced Rank,
rbf(gamma=0.34778607122682453),omega=1.2,Principle Components (kDMD),
rbf(gamma=0.34778607122682453),omega=1.2,Reduced Rank,
rbf(gamma=0.3540716452696184),omega=2.0,Principle Components (kDMD),
rbf(gamma=0.3540716452696184),omega=2.0,Reduced Rank,
rbf(gamma=0.35748085434752336),omega=1.5,Principle Components (kDMD),
rbf(gamma=0.35748085434752336),omega=1.5,Reduced Rank,
rbf(gamma=0.3666728838106774),omega=1.0,Principle Components (kDMD),
rbf(gamma=0.3666728838106774),omega=1.0,Reduced Rank,
rbf(gamma=0.37287458174360527),omega=1.5,Principle Components (kDMD),
rbf(gamma=0.37287458174360527),omega=1.5,Reduced Rank,
rbf(gamma=0.3747002699152963),omega=1.0,Principle Components (kDMD),
rbf(gamma=0.3747002699152963),omega=1.0,Reduced Rank,
rbf(gamma=0.37549972000796067),omega=0.8,Principle Components (kDMD),
rbf(gamma=0.37549972000796067),omega=0.8,Reduced Rank,
rbf(gamma=0.37721213704601636),omega=1.5,Principle Components (kDMD),
rbf(gamma=0.37721213704601636),omega=1.5,Reduced Rank,
rbf(gamma=0.3790461873490457),omega=1.2,Principle Components (kDMD),
rbf(gamma=0.3790461873490457),omega=1.2,Reduced Rank,
rbf(gamma=0.3912910653397012),omega=1.0,Principle Components (kDMD),
rbf(gamma=0.3912910653397012),omega=1.0,Reduced Rank,
rbf(gamma=0.40842015917572927),omega=1.2,Principle Components (kDMD),
rbf(gamma=0.40842015917572927),omega=1.2,Reduced Rank,
rbf(gamma=0.4172926884452463),omega=1.2,Principle Components (kDMD),
rbf(gamma=0.4172926884452463),omega=1.2,Reduced Rank,
rbf(gamma=0.42253546860264124),omega=0.8,Principle Components (kDMD),
rbf(gamma=0.42253546860264124),omega=0.8,Reduced Rank,
rbf(gamma=0.4282763281683721),omega=1.0,Principle Components (kDMD),
rbf(gamma=0.4282763281683721),omega=1.0,Reduced Rank,
rbf(gamma=0.43343093973668906),omega=1.2,Principle Components (kDMD),
rbf(gamma=0.43343093973668906),omega=1.2,Reduced Rank,
rbf(gamma=0.43361315287131097),omega=0.5,Principle Components (kDMD),
rbf(gamma=0.43361315287131097),omega=0.5,Reduced Rank,
rbf(gamma=0.4384299088141175),omega=1.2,Principle Components (kDMD),
rbf(gamma=0.4384299088141175),omega=1.2,Reduced Rank,
rbf(gamma=0.43872707860404364),omega=1.0,Principle Components (kDMD),
rbf(gamma=0.43872707860404364),omega=1.0,Reduced Rank,
rbf(gamma=0.44315510035519556),omega=1.5,Principle Components (kDMD),
rbf(gamma=0.44315510035519556),omega=1.5,Reduced Rank,
rbf(gamma=0.4607544921075932),omega=1.0,Principle Components (kDMD),
rbf(gamma=0.4607544921075932),omega=1.0,Reduced Rank,
rbf(gamma=0.4608646759947346),omega=1.2,Principle Components (kDMD),
rbf(gamma=0.4608646759947346),omega=1.2,Reduced Rank,
rbf(gamma=0.47613903051663964),omega=0.5,Principle Components (kDMD),
rbf(gamma=0.47613903051663964),omega=0.5,Reduced Rank,
rbf(gamma=0.47776576027800655),omega=1.2,Principle Components (kDMD),
rbf(gamma=0.47776576027800655),omega=1.2,Reduced Rank,
rbf(gamma=0.4819544707219326),omega=1.0,Principle Components (kDMD),
rbf(gamma=0.4819544707219326),omega=1.0,Reduced Rank,
rbf(gamma=0.48855489394688945),omega=1.2,Principle Components (kDMD),
rbf(gamma=0.48855489394688945),omega=1.2,Reduced Rank,
rbf(gamma=0.5053174405626577),omega=1.2,Principle Components (kDMD),
rbf(gamma=0.5053174405626577),omega=1.2,Reduced Rank,
rbf(gamma=0.5091025541070499),omega=0.5,Principle Components (kDMD),
rbf(gamma=0.5091025541070499),omega=0.5,Reduced Rank,
rbf(gamma=0.5172457127233674),omega=0.5,Principle Components (kDMD),
rbf(gamma=0.5172457127233674),omega=0.5,Reduced Rank,
rbf(gamma=0.5248674161998298),omega=0.5,Principle Components (kDMD),
rbf(gamma=0.5248674161998298),omega=0.5,Reduced Rank,
rbf(gamma=0.5280804015419744),omega=0.5,Principle Components (kDMD),
rbf(gamma=0.5280804015419744),omega=0.5,Reduced Rank,
rbf(gamma=0.5299918816931555),omega=0.5,Principle Components (kDMD),
rbf(gamma=0.5299918816931555),omega=0.5,Reduced Rank,
rbf(gamma=0.5322788041455077),omega=0.5,Principle Components (kDMD),
rbf(gamma=0.5322788041455077),omega=0.5,Reduced Rank,
rbf(gamma=0.5415719103032706),omega=0.8,Principle Components (kDMD),
rbf(gamma=0.5415719103032706),omega=0.8,Reduced Rank,
rbf(gamma=0.5597506872261928),omega=1.0,Principle Components (kDMD),
rbf(gamma=0.5597506872261928),omega=1.0,Reduced Rank,
rbf(gamma=0.5615673708957537),omega=0.5,Principle Components (kDMD),
rbf(gamma=0.5615673708957537),omega=0.5,Reduced Rank,
rbf(gamma=0.565875542967564),omega=1.5,Principle Components (kDMD),
rbf(gamma=0.565875542967564),omega=1.5,Reduced Rank,
rbf(gamma=0.5812405666926264),omega=1.0,Principle Components (kDMD),
rbf(gamma=0.5812405666926264),omega=1.0,Reduced Rank,
rbf(gamma=0.586942484340642),omega=1.5,Principle Components (kDMD),
rbf(gamma=0.586942484340642),omega=1.5,Reduced Rank,
rbf(gamma=0.5889759566704682),omega=2.0,Principle Components (kDMD),
rbf(gamma=0.5889759566704682),omega=2.0,Reduced Rank,
rbf(gamma=0.6002553068711807),omega=2.0,Principle Components (kDMD),
rbf(gamma=0.6002553068711807),omega=2.0,Reduced Rank,
rbf(gamma=0.6034676736661907),omega=1.5,Principle Components (kDMD),
rbf(gamma=0.6034676736661907),omega=1.5,Reduced Rank,
rbf(gamma=0.6035017757918503),omega=0.8,Principle Components (kDMD),
rbf(gamma=0.6035017757918503),omega=0.8,Reduced Rank,
rbf(gamma=0.6050352672118346),omega=2.0,Principle Components (kDMD),
rbf(gamma=0.6050352672118346),omega=2.0,Reduced Rank,
rbf(gamma=0.6051477672318518),omega=1.0,Principle Components (kDMD),
rbf(gamma=0.6051477672318518),omega=1.0,Reduced Rank,
rbf(gamma=0.6287739802913623),omega=2.0,Principle Components (kDMD),
rbf(gamma=0.6287739802913623),omega=2.0,Reduced Rank,
rbf(gamma=0.6381673519050943),omega=1.5,Principle Components (kDMD),
rbf(gamma=0.6381673519050943),omega=1.5,Reduced Rank,
rbf(gamma=0.6422357552191269),omega=1.5,Principle Components (kDMD),
rbf(gamma=0.6422357552191269),omega=1.5,Reduced Rank,
rbf(gamma=0.643601955739302),omega=0.8,Principle Components (kDMD),
rbf(gamma=0.643601955739302),omega=0.8,Reduced Rank,
rbf(gamma=0.6602766861795265),omega=2.0,Principle Components (kDMD),
rbf(gamma=0.6602766861795265),omega=2.0,Reduced Rank,
rbf(gamma=0.6613993804831261),omega=0.8,Principle Components (kDMD),
rbf(gamma=0.6613993804831261),omega=0.8,Reduced Rank,
rbf(gamma=0.6615901670369879),omega=2.0,Principle Components (kDMD),
rbf(gamma=0.6615901670369879),omega=2.0,Reduced Rank,
rbf(gamma=0.6897202589199395),omega=1.5,Principle Components (kDMD),
rbf(gamma=0.6897202589199395),omega=1.5,Reduced Rank,
rbf(gamma=0.6955721424536491),omega=1.2,Principle Components (kDMD),
rbf(gamma=0.6955721424536491),omega=1.2,Reduced Rank,
rbf(gamma=0.7081432905392367),omega=2.0,Principle Components (kDMD),
rbf(gamma=0.7081432905392367),omega=2.0,Reduced Rank,
rbf(gamma=0.7149617086950467),omega=1.5,Principle Components (kDMD),
rbf(gamma=0.7149617086950467),omega=1.5,Reduced Rank,
rbf(gamma=0.7233822873163714),omega=0.8,Principle Components (kDMD),
rbf(gamma=0.7233822873163714),omega=0.8,Reduced Rank,
rbf(gamma=0.7333457676213548),omega=1.0,Principle Components (kDMD),
rbf(gamma=0.7333457676213548),omega=1.0,Reduced Rank,
rbf(gamma=0.7423910485931123),omega=0.8,Principle Components (kDMD),
rbf(gamma=0.7423910485931123),omega=0.8,Reduced Rank,
rbf(gamma=0.7457491634872105),omega=1.5,Principle Components (kDMD),
rbf(gamma=0.7457491634872105),omega=1.5,Reduced Rank,
rbf(gamma=0.7494005398305926),omega=1.0,Principle Components (kDMD),
rbf(gamma=0.7494005398305926),omega=1.0,Reduced Rank,
rbf(gamma=0.7509994400159213),omega=0.8,Principle Components (kDMD),
rbf(gamma=0.7509994400159213),omega=0.8,Reduced Rank,
rbf(gamma=0.7544242740920327),omega=1.5,Principle Components (kDMD),
rbf(gamma=0.7544242740920327),omega=1.5,Reduced Rank,
rbf(gamma=0.7580923746980914),omega=1.2,Principle Components (kDMD),
rbf(gamma=0.7580923746980914),omega=1.2,Reduced Rank,
rbf(gamma=0.7825821306794024),omega=1.0,Principle Components (kDMD),
rbf(gamma=0.7825821306794024),omega=1.0,Reduced Rank,
rbf(gamma=0.8168403183514585),omega=1.2,Principle Components (kDMD),
rbf(gamma=0.8168403183514585),omega=1.2,Reduced Rank,
rbf(gamma=0.8345853768904926),omega=1.2,Principle Components (kDMD),
rbf(gamma=0.8345853768904926),omega=1.2,Reduced Rank,
rbf(gamma=0.8450709372052825),omega=0.8,Principle Components (kDMD),
rbf(gamma=0.8450709372052825),omega=0.8,Reduced Rank,
rbf(gamma=0.8565526563367442),omega=1.0,Principle Components (kDMD),
rbf(gamma=0.8565526563367442),omega=1.0,Reduced Rank,
rbf(gamma=0.8668618794733781),omega=1.2,Principle Components (kDMD),
rbf(gamma=0.8668618794733781),omega=1.2,Reduced Rank,
rbf(gamma=0.8672263057426219),omega=0.5,Principle Components (kDMD),
rbf(gamma=0.8672263057426219),omega=0.5,Reduced Rank,
rbf(gamma=0.876859817628235),omega=1.2,Principle Components (kDMD),
rbf(gamma=0.876859817628235),omega=1.2,Reduced Rank,
rbf(gamma=0.8774541572080873),omega=1.0,Principle Components (kDMD),
rbf(gamma=0.8774541572080873),omega=1.0,Reduced Rank,
rbf(gamma=0.8863102007103911),omega=1.5,Principle Components (kDMD),
rbf(gamma=0.8863102007103911),omega=1.5,Reduced Rank,
rbf(gamma=0.8961990358076725),omega=0.8,Principle Components (kDMD),
rbf(gamma=0.8961990358076725),omega=0.8,Reduced Rank,
rbf(gamma=0.9215089842151865),omega=1.0,Principle Components (kDMD),
rbf(gamma=0.9215089842151865),omega=1.0,Reduced Rank,
rbf(gamma=0.9217293519894691),omega=1.2,Principle Components (kDMD),
rbf(gamma=0.9217293519894691),omega=1.2,Reduced Rank,
rbf(gamma=0.9522780610332793),omega=0.5,Principle Components (kDMD),
rbf(gamma=0.9522780610332793),omega=0.5,Reduced Rank,
rbf(gamma=0.9555315205560131),omega=1.2,Principle Components (kDMD),
rbf(gamma=0.9555315205560131),omega=1.2,Reduced Rank,
rbf(gamma=0.9639089414438652),omega=1.0,Principle Components (kDMD),
rbf(gamma=0.9639089414438652),omega=1.0,Reduced Rank,
rbf(gamma=0.9728904934744245),omega=2.0,Principle Components (kDMD),
rbf(gamma=0.9728904934744245),omega=2.0,Reduced Rank,
rbf(gamma=0.9771097878937789),omega=1.2,Principle Components (kDMD),
rbf(gamma=0.9771097878937789),omega=1.2,Reduced Rank,
rbf(gamma=1.0106348811253154),omega=1.2,Principle Components (kDMD),
rbf(gamma=1.0106348811253154),omega=1.2,Reduced Rank,
rbf(gamma=1.0182051082140997),omega=0.5,Principle Components (kDMD),
rbf(gamma=1.0182051082140997),omega=0.5,Reduced Rank,
rbf(gamma=1.0344914254467348),omega=0.5,Principle Components (kDMD),
rbf(gamma=1.0344914254467348),omega=0.5,Reduced Rank,
rbf(gamma=1.0497348323996596),omega=0.5,Principle Components (kDMD),
rbf(gamma=1.0497348323996596),omega=0.5,Reduced Rank,
rbf(gamma=1.0561608030839489),omega=0.5,Principle Components (kDMD),
rbf(gamma=1.0561608030839489),omega=0.5,Reduced Rank,
rbf(gamma=1.059983763386311),omega=0.5,Principle Components (kDMD),
rbf(gamma=1.059983763386311),omega=0.5,Reduced Rank,
rbf(gamma=1.0645576082910153),omega=0.5,Principle Components (kDMD),
rbf(gamma=1.0645576082910153),omega=0.5,Reduced Rank,
rbf(gamma=1.0711492864916123),omega=0.8,Principle Components (kDMD),
rbf(gamma=1.0711492864916123),omega=0.8,Reduced Rank,
rbf(gamma=1.0831438206065411),omega=0.8,Principle Components (kDMD),
rbf(gamma=1.0831438206065411),omega=0.8,Reduced Rank,
rbf(gamma=1.0982608774181066),omega=2.0,Principle Components (kDMD),
rbf(gamma=1.0982608774181066),omega=2.0,Reduced Rank,
rbf(gamma=1.1195013744523856),omega=1.0,Principle Components (kDMD),
rbf(gamma=1.1195013744523856),omega=1.0,Reduced Rank,
rbf(gamma=1.1231347417915074),omega=0.5,Principle Components (kDMD),
rbf(gamma=1.1231347417915074),omega=0.5,Reduced Rank,
rbf(gamma=1.131751085935128),omega=1.5,Principle Components (kDMD),
rbf(gamma=1.131751085935128),omega=1.5,Reduced Rank,
rbf(gamma=1.1319554646341132),omega=2.0,Principle Components (kDMD),
rbf(gamma=1.1319554646341132),omega=2.0,Reduced Rank,
rbf(gamma=1.1624811333852527),omega=1.0,Principle Components (kDMD),
rbf(gamma=1.1624811333852527),omega=1.0,Reduced Rank,
rbf(gamma=1.173884968681284),omega=1.5,Principle Components (kDMD),
rbf(gamma=1.173884968681284),omega=1.5,Reduced Rank,
rbf(gamma=1.1779519133409364),omega=2.0,Principle Components (kDMD),
rbf(gamma=1.1779519133409364),omega=2.0,Reduced Rank,
rbf(gamma=1.2005106137423613),omega=2.0,Principle Components (kDMD),
rbf(gamma=1.2005106137423613),omega=2.0,Reduced Rank,
rbf(gamma=1.2069353473323814),omega=1.5,Principle Components (kDMD),
rbf(gamma=1.2069353473323814),omega=1.5,Reduced Rank,
rbf(gamma=1.2070035515837005),omega=0.8,Principle Components (kDMD),
rbf(gamma=1.2070035515837005),omega=0.8,Reduced Rank,
rbf(gamma=1.2100705344236693),omega=2.0,Principle Components (kDMD),
rbf(gamma=1.2100705344236693),omega=2.0,Reduced Rank,
rbf(gamma=1.2102955344637036),omega=1.0,Principle Components (kDMD),
rbf(gamma=1.2102955344637036),omega=1.0,Reduced Rank,
rbf(gamma=1.2575479605827247),omega=2.0,Principle Components (kDMD),
rbf(gamma=1.2575479605827247),omega=2.0,Reduced Rank,
rbf(gamma=1.2763347038101887),omega=1.5,Principle Components (kDMD),
rbf(gamma=1.2763347038101887),omega=1.5,Reduced Rank,
rbf(gamma=1.2844715104382538),omega=1.5,Principle Components (kDMD),
rbf(gamma=1.2844715104382538),omega=1.5,Reduced Rank,
rbf(gamma=1.2888104811430485),omega=3.0,Principle Components (kDMD),
rbf(gamma=1.2888104811430485),omega=3.0,Reduced Rank,
rbf(gamma=1.320553372359053),omega=2.0,Principle Components (kDMD),
rbf(gamma=1.320553372359053),omega=2.0,Reduced Rank,
rbf(gamma=1.3227987609662522),omega=0.8,Principle Components (kDMD),
rbf(gamma=1.3227987609662522),omega=0.8,Reduced Rank,
rbf(gamma=1.3231803340739758),omega=2.0,Principle Components (kDMD),
rbf(gamma=1.3231803340739758),omega=2.0,Reduced Rank,
rbf(gamma=1.379440517839879),omega=1.5,Principle Components (kDMD),
rbf(gamma=1.379440517839879),omega=1.5,Reduced Rank,
rbf(gamma=1.3911442849072981),omega=1.2,Principle Components (kDMD),
rbf(gamma=1.3911442849072981),omega=1.2,Reduced Rank,
rbf(gamma=1.4162865810784735),omega=2.0,Principle Components (kDMD),
rbf(gamma=1.4162865810784735),omega=2.0,Reduced Rank,
rbf(gamma=1.4299234173900934),omega=1.5,Principle Components (kDMD),
rbf(gamma=1.4299234173900934),omega=1.5,Reduced Rank,
rbf(gamma=1.4467645746327429),omega=0.8,Principle Components (kDMD),
rbf(gamma=1.4467645746327429),omega=0.8,Reduced Rank,
rbf(gamma=1.4666915352427097),omega=1.0,Principle Components (kDMD),
rbf(gamma=1.4666915352427097),omega=1.0,Reduced Rank,
rbf(gamma=1.4847820971862247),omega=0.8,Principle Components (kDMD),
rbf(gamma=1.4847820971862247),omega=0.8,Reduced Rank,
rbf(gamma=1.491498326974421),omega=1.5,Principle Components (kDMD),
rbf(gamma=1.491498326974421),omega=1.5,Reduced Rank,
rbf(gamma=1.4988010796611853),omega=1.0,Principle Components (kDMD),
rbf(gamma=1.4988010796611853),omega=1.0,Reduced Rank,
rbf(gamma=1.5019988800318427),omega=0.8,Principle Components (kDMD),
rbf(gamma=1.5019988800318427),omega=0.8,Reduced Rank,
rbf(gamma=1.5088485481840654),omega=1.5,Principle Components (kDMD),
rbf(gamma=1.5088485481840654),omega=1.5,Reduced Rank,
rbf(gamma=1.5161847493961829),omega=1.2,Principle Components (kDMD),
rbf(gamma=1.5161847493961829),omega=1.2,Reduced Rank,
rbf(gamma=1.5623630701105855),omega=3.0,Principle Components (kDMD),
rbf(gamma=1.5623630701105855),omega=3.0,Reduced Rank,
rbf(gamma=1.5651642613588048),omega=1.0,Principle Components (kDMD),
rbf(gamma=1.5651642613588048),omega=1.0,Reduced Rank,
rbf(gamma=1.6036112109695864),omega=3.0,Principle Components (kDMD),
rbf(gamma=1.6036112109695864),omega=3.0,Reduced Rank,
rbf(gamma=1.633680636702917),omega=1.2,Principle Components (kDMD),
rbf(gamma=1.633680636702917),omega=1.2,Reduced Rank,
rbf(gamma=1.6691707537809852),omega=1.2,Principle Components (kDMD),
rbf(gamma=1.6691707537809852),omega=1.2,Reduced Rank,
rbf(gamma=1.690141874410565),omega=0.8,Principle Components (kDMD),
rbf(gamma=1.690141874410565),omega=0.8,Reduced Rank,
rbf(gamma=1.6905692603043003),omega=3.0,Principle Components (kDMD),
rbf(gamma=1.6905692603043003),omega=3.0,Reduced Rank,
rbf(gamma=1.7131053126734883),omega=1.0,Principle Components (kDMD),
rbf(gamma=1.7131053126734883),omega=1.0,Reduced Rank,
rbf(gamma=1.7337237589467562),omega=1.2,Principle Components (kDMD),
rbf(gamma=1.7337237589467562),omega=1.2,Reduced Rank,
rbf(gamma=1.7344526114852439),omega=0.5,Principle Components (kDMD),
rbf(gamma=1.7344526114852439),omega=0.5,Reduced Rank,
rbf(gamma=1.736716296940095),omega=0.5,Principle Components (kDMD),
rbf(gamma=1.736716296940095),omega=0.5,Reduced Rank,
rbf(gamma=1.75371963525647),omega=1.2,Principle Components (kDMD),
rbf(gamma=1.75371963525647),omega=1.2,Reduced Rank,
rbf(gamma=1.7549083144161746),omega=1.0,Principle Components (kDMD),
rbf(gamma=1.7549083144161746),omega=1.0,Reduced Rank,
rbf(gamma=1.7726204014207823),omega=1.5,Principle Components (kDMD),
rbf(gamma=1.7726204014207823),omega=1.5,Reduced Rank,
rbf(gamma=1.792398071615345),omega=0.8,Principle Components (kDMD),
rbf(gamma=1.792398071615345),omega=0.8,Reduced Rank,
rbf(gamma=1.8034541136894202),omega=3.0,Principle Components (kDMD),
rbf(gamma=1.8034541136894202),omega=3.0,Reduced Rank,
rbf(gamma=1.843017968430373),omega=1.0,Principle Components (kDMD),
rbf(gamma=1.843017968430373),omega=1.0,Reduced Rank,
rbf(gamma=1.8434587039789383),omega=1.2,Principle Components (kDMD),
rbf(gamma=1.8434587039789383),omega=1.2,Reduced Rank,
rbf(gamma=1.9045561220665586),omega=0.5,Principle Components (kDMD),
rbf(gamma=1.9045561220665586),omega=0.5,Reduced Rank,
rbf(gamma=1.9110630411120262),omega=1.2,Principle Components (kDMD),
rbf(gamma=1.9110630411120262),omega=1.2,Reduced Rank,
rbf(gamma=1.9278178828877304),omega=1.0,Principle Components (kDMD),
rbf(gamma=1.9278178828877304),omega=1.0,Reduced Rank,
rbf(gamma=1.945780986948849),omega=2.0,Principle Components (kDMD),
rbf(gamma=1.945780986948849),omega=2.0,Reduced Rank,
rbf(gamma=1.9542195757875578),omega=1.2,Principle Components (kDMD),
rbf(gamma=1.9542195757875578),omega=1.2,Reduced Rank,
rbf(gamma=1.9938954765155223),omega=3.0,Principle Components (kDMD),
rbf(gamma=1.9938954765155223),omega=3.0,Reduced Rank,
rbf(gamma=10.060383684661797),omega=2.0,Principle Components (kDMD),
rbf(gamma=10.060383684661797),omega=2.0,Reduced Rank,
rbf(gamma=10.310483849144388),omega=3.0,Principle Components (kDMD),
rbf(gamma=10.310483849144388),omega=3.0,Reduced Rank,
rbf(gamma=10.564426978872424),omega=2.0,Principle Components (kDMD),
rbf(gamma=10.564426978872424),omega=2.0,Reduced Rank,
rbf(gamma=11.574116597061943),omega=0.8,Principle Components (kDMD),
rbf(gamma=11.574116597061943),omega=0.8,Reduced Rank,
rbf(gamma=11.878256777489797),omega=0.8,Principle Components (kDMD),
rbf(gamma=11.878256777489797),omega=0.8,Reduced Rank,
rbf(gamma=12.498904560884684),omega=3.0,Principle Components (kDMD),
rbf(gamma=12.498904560884684),omega=3.0,Reduced Rank,
rbf(gamma=12.828889687756691),omega=3.0,Principle Components (kDMD),
rbf(gamma=12.828889687756691),omega=3.0,Reduced Rank,
rbf(gamma=13.524554082434403),omega=3.0,Principle Components (kDMD),
rbf(gamma=13.524554082434403),omega=3.0,Reduced Rank,
rbf(gamma=13.89373037552076),omega=0.5,Principle Components (kDMD),
rbf(gamma=13.89373037552076),omega=0.5,Reduced Rank,
rbf(gamma=14.33918457292276),omega=0.8,Principle Components (kDMD),
rbf(gamma=14.33918457292276),omega=0.8,Reduced Rank,
rbf(gamma=14.427632909515362),omega=3.0,Principle Components (kDMD),
rbf(gamma=14.427632909515362),omega=3.0,Reduced Rank,
rbf(gamma=15.566247895590791),omega=2.0,Principle Components (kDMD),
rbf(gamma=15.566247895590791),omega=2.0,Reduced Rank,
rbf(gamma=15.951163812124179),omega=3.0,Principle Components (kDMD),
rbf(gamma=15.951163812124179),omega=3.0,Reduced Rank,
rbf(gamma=16.56417965469934),omega=3.0,Principle Components (kDMD),
rbf(gamma=16.56417965469934),omega=3.0,Reduced Rank,
rbf(gamma=17.138388583865797),omega=0.8,Principle Components (kDMD),
rbf(gamma=17.138388583865797),omega=0.8,Reduced Rank,
rbf(gamma=17.572174038689706),omega=2.0,Principle Components (kDMD),
rbf(gamma=17.572174038689706),omega=2.0,Reduced Rank,
rbf(gamma=17.883954267725535),omega=3.0,Principle Components (kDMD),
rbf(gamma=17.883954267725535),omega=3.0,Reduced Rank,
rbf(gamma=18.11128743414581),omega=2.0,Principle Components (kDMD),
rbf(gamma=18.11128743414581),omega=2.0,Reduced Rank,
rbf(gamma=18.30713347181358),omega=3.0,Principle Components (kDMD),
rbf(gamma=18.30713347181358),omega=3.0,Reduced Rank,
rbf(gamma=18.81890111365846),omega=3.0,Principle Components (kDMD),
rbf(gamma=18.81890111365846),omega=3.0,Reduced Rank,
rbf(gamma=2.021269762250631),omega=1.2,Principle Components (kDMD),
rbf(gamma=2.021269762250631),omega=1.2,Reduced Rank,
rbf(gamma=2.0364102164281994),omega=0.5,Principle Components (kDMD),
rbf(gamma=2.0364102164281994),omega=0.5,Reduced Rank,
rbf(gamma=2.0689828508934696),omega=0.5,Principle Components (kDMD),
rbf(gamma=2.0689828508934696),omega=0.5,Reduced Rank,
rbf(gamma=2.0705224568374176),omega=3.0,Principle Components (kDMD),
rbf(gamma=2.0705224568374176),omega=3.0,Reduced Rank,
rbf(gamma=2.099469664799319),omega=0.5,Principle Components (kDMD),
rbf(gamma=2.099469664799319),omega=0.5,Reduced Rank,
rbf(gamma=2.1123216061678978),omega=0.5,Principle Components (kDMD),
rbf(gamma=2.1123216061678978),omega=0.5,Reduced Rank,
rbf(gamma=2.119967526772622),omega=0.5,Principle Components (kDMD),
rbf(gamma=2.119967526772622),omega=0.5,Reduced Rank,
rbf(gamma=2.1291152165820306),omega=0.5,Principle Components (kDMD),
rbf(gamma=2.1291152165820306),omega=0.5,Reduced Rank,
rbf(gamma=2.1422985729832247),omega=0.8,Principle Components (kDMD),
rbf(gamma=2.1422985729832247),omega=0.8,Reduced Rank,
rbf(gamma=2.1662876412130823),omega=0.8,Principle Components (kDMD),
rbf(gamma=2.1662876412130823),omega=0.8,Reduced Rank,
rbf(gamma=2.1965217548362133),omega=2.0,Principle Components (kDMD),
rbf(gamma=2.1965217548362133),omega=2.0,Reduced Rank,
rbf(gamma=2.235494283465692),omega=3.0,Principle Components (kDMD),
rbf(gamma=2.235494283465692),omega=3.0,Reduced Rank,
rbf(gamma=2.2390027489047712),omega=1.0,Principle Components (kDMD),
rbf(gamma=2.2390027489047712),omega=1.0,Reduced Rank,
rbf(gamma=2.246269483583015),omega=0.5,Principle Components (kDMD),
rbf(gamma=2.246269483583015),omega=0.5,Reduced Rank,
rbf(gamma=2.263502171870256),omega=1.5,Principle Components (kDMD),
rbf(gamma=2.263502171870256),omega=1.5,Reduced Rank,
rbf(gamma=2.2639109292682265),omega=2.0,Principle Components (kDMD),
rbf(gamma=2.2639109292682265),omega=2.0,Reduced Rank,
rbf(gamma=2.2883916839766973),omega=3.0,Principle Components (kDMD),
rbf(gamma=2.2883916839766973),omega=3.0,Reduced Rank,
rbf(gamma=2.3249622667705054),omega=1.0,Principle Components (kDMD),
rbf(gamma=2.3249622667705054),omega=1.0,Reduced Rank,
rbf(gamma=2.347769937362568),omega=1.5,Principle Components (kDMD),
rbf(gamma=2.347769937362568),omega=1.5,Reduced Rank,
rbf(gamma=2.3523626392073074),omega=3.0,Principle Components (kDMD),
rbf(gamma=2.3523626392073074),omega=3.0,Reduced Rank,
rbf(gamma=2.355903826681873),omega=2.0,Principle Components (kDMD),
rbf(gamma=2.355903826681873),omega=2.0,Reduced Rank,
rbf(gamma=2.4010212274847227),omega=2.0,Principle Components (kDMD),
rbf(gamma=2.4010212274847227),omega=2.0,Reduced Rank,
rbf(gamma=2.413870694664763),omega=1.5,Principle Components (kDMD),
rbf(gamma=2.413870694664763),omega=1.5,Reduced Rank,
rbf(gamma=2.414007103167401),omega=0.8,Principle Components (kDMD),
rbf(gamma=2.414007103167401),omega=0.8,Reduced Rank,
rbf(gamma=2.4201410688473386),omega=2.0,Principle Components (kDMD),
rbf(gamma=2.4201410688473386),omega=2.0,Reduced Rank,
rbf(gamma=2.4205910689274073),omega=1.0,Principle Components (kDMD),
rbf(gamma=2.4205910689274073),omega=1.0,Reduced Rank,
rbf(gamma=2.5150959211654493),omega=2.0,Principle Components (kDMD),
rbf(gamma=2.5150959211654493),omega=2.0,Reduced Rank,
rbf(gamma=2.5526694076203773),omega=1.5,Principle Components (kDMD),
rbf(gamma=2.5526694076203773),omega=1.5,Reduced Rank,
rbf(gamma=2.5689430208765076),omega=1.5,Principle Components (kDMD),
rbf(gamma=2.5689430208765076),omega=1.5,Reduced Rank,
rbf(gamma=2.577620962286097),omega=3.0,Principle Components (kDMD),
rbf(gamma=2.577620962286097),omega=3.0,Reduced Rank,
rbf(gamma=2.641106744718106),omega=2.0,Principle Components (kDMD),
rbf(gamma=2.641106744718106),omega=2.0,Reduced Rank,
rbf(gamma=2.6463606681479517),omega=2.0,Principle Components (kDMD),
rbf(gamma=2.6463606681479517),omega=2.0,Reduced Rank,
rbf(gamma=2.758881035679758),omega=1.5,Principle Components (kDMD),
rbf(gamma=2.758881035679758),omega=1.5,Reduced Rank,
rbf(gamma=2.7822885698145963),omega=1.2,Principle Components (kDMD),
rbf(gamma=2.7822885698145963),omega=1.2,Reduced Rank,
rbf(gamma=2.832573162156947),omega=2.0,Principle Components (kDMD),
rbf(gamma=2.832573162156947),omega=2.0,Reduced Rank,
rbf(gamma=2.859846834780187),omega=1.5,Principle Components (kDMD),
rbf(gamma=2.859846834780187),omega=1.5,Reduced Rank,
rbf(gamma=2.8935291492654858),omega=0.8,Principle Components (kDMD),
rbf(gamma=2.8935291492654858),omega=0.8,Reduced Rank,
rbf(gamma=2.9695641943724493),omega=0.8,Principle Components (kDMD),
rbf(gamma=2.9695641943724493),omega=0.8,Reduced Rank,
rbf(gamma=2.982996653948842),omega=1.5,Principle Components (kDMD),
rbf(gamma=2.982996653948842),omega=1.5,Reduced Rank,
rbf(gamma=20.620967698288776),omega=3.0,Principle Components (kDMD),
rbf(gamma=20.620967698288776),omega=3.0,Reduced Rank,
rbf(gamma=24.997809121769368),omega=3.0,Principle Components (kDMD),
rbf(gamma=24.997809121769368),omega=3.0,Reduced Rank,
rbf(gamma=25.657779375513382),omega=3.0,Principle Components (kDMD),
rbf(gamma=25.657779375513382),omega=3.0,Reduced Rank,
rbf(gamma=27.049108164868805),omega=3.0,Principle Components (kDMD),
rbf(gamma=27.049108164868805),omega=3.0,Reduced Rank,
rbf(gamma=27.78746075104152),omega=0.5,Principle Components (kDMD),
rbf(gamma=27.78746075104152),omega=0.5,Reduced Rank,
rbf(gamma=28.855265819030723),omega=3.0,Principle Components (kDMD),
rbf(gamma=28.855265819030723),omega=3.0,Reduced Rank,
rbf(gamma=3.0039977600636854),omega=0.8,Principle Components (kDMD),
rbf(gamma=3.0039977600636854),omega=0.8,Reduced Rank,
rbf(gamma=3.017697096368131),omega=1.5,Principle Components (kDMD),
rbf(gamma=3.017697096368131),omega=1.5,Reduced Rank,
rbf(gamma=3.124726140221171),omega=3.0,Principle Components (kDMD),
rbf(gamma=3.124726140221171),omega=3.0,Reduced Rank,
rbf(gamma=3.2072224219391727),omega=3.0,Principle Components (kDMD),
rbf(gamma=3.2072224219391727),omega=3.0,Reduced Rank,
rbf(gamma=3.38028374882113),omega=0.8,Principle Components (kDMD),
rbf(gamma=3.38028374882113),omega=0.8,Reduced Rank,
rbf(gamma=3.3811385206086007),omega=3.0,Principle Components (kDMD),
rbf(gamma=3.3811385206086007),omega=3.0,Reduced Rank,
rbf(gamma=3.47343259388019),omega=0.5,Principle Components (kDMD),
rbf(gamma=3.47343259388019),omega=0.5,Reduced Rank,
rbf(gamma=3.58479614323069),omega=0.8,Principle Components (kDMD),
rbf(gamma=3.58479614323069),omega=0.8,Reduced Rank,
rbf(gamma=3.6069082273788404),omega=3.0,Principle Components (kDMD),
rbf(gamma=3.6069082273788404),omega=3.0,Reduced Rank,
rbf(gamma=3.891561973897698),omega=2.0,Principle Components (kDMD),
rbf(gamma=3.891561973897698),omega=2.0,Reduced Rank,
rbf(gamma=3.9877909530310447),omega=3.0,Principle Components (kDMD),
rbf(gamma=3.9877909530310447),omega=3.0,Reduced Rank,
rbf(gamma=31.902327624248358),omega=3.0,Principle Components (kDMD),
rbf(gamma=31.902327624248358),omega=3.0,Reduced Rank,
rbf(gamma=33.12835930939868),omega=3.0,Principle Components (kDMD),
rbf(gamma=33.12835930939868),omega=3.0,Reduced Rank,
rbf(gamma=35.76790853545107),omega=3.0,Principle Components (kDMD),
rbf(gamma=35.76790853545107),omega=3.0,Reduced Rank,
rbf(gamma=36.61426694362716),omega=3.0,Principle Components (kDMD),
rbf(gamma=36.61426694362716),omega=3.0,Reduced Rank,
rbf(gamma=37.63780222731692),omega=3.0,Principle Components (kDMD),
rbf(gamma=37.63780222731692),omega=3.0,Reduced Rank,
rbf(gamma=4.072820432856399),omega=0.5,Principle Components (kDMD),
rbf(gamma=4.072820432856399),omega=0.5,Reduced Rank,
rbf(gamma=4.137965701786939),omega=0.5,Principle Components (kDMD),
rbf(gamma=4.137965701786939),omega=0.5,Reduced Rank,
rbf(gamma=4.141044913674835),omega=3.0,Principle Components (kDMD),
rbf(gamma=4.141044913674835),omega=3.0,Reduced Rank,
rbf(gamma=4.198939329598638),omega=0.5,Principle Components (kDMD),
rbf(gamma=4.198939329598638),omega=0.5,Reduced Rank,
rbf(gamma=4.2246432123357955),omega=0.5,Principle Components (kDMD),
rbf(gamma=4.2246432123357955),omega=0.5,Reduced Rank,
rbf(gamma=4.239935053545244),omega=0.5,Principle Components (kDMD),
rbf(gamma=4.239935053545244),omega=0.5,Reduced Rank,
rbf(gamma=4.258230433164061),omega=0.5,Principle Components (kDMD),
rbf(gamma=4.258230433164061),omega=0.5,Reduced Rank,
rbf(gamma=4.284597145966449),omega=0.8,Principle Components (kDMD),
rbf(gamma=4.284597145966449),omega=0.8,Reduced Rank,
rbf(gamma=4.3325752824261645),omega=0.8,Principle Components (kDMD),
rbf(gamma=4.3325752824261645),omega=0.8,Reduced Rank,
rbf(gamma=4.3930435096724265),omega=2.0,Principle Components (kDMD),
rbf(gamma=4.3930435096724265),omega=2.0,Reduced Rank,
rbf(gamma=4.470988566931384),omega=3.0,Principle Components (kDMD),
rbf(gamma=4.470988566931384),omega=3.0,Reduced Rank,
rbf(gamma=4.527004343740512),omega=1.5,Principle Components (kDMD),
rbf(gamma=4.527004343740512),omega=1.5,Reduced Rank,
rbf(gamma=4.527821858536453),omega=2.0,Principle Components (kDMD),
rbf(gamma=4.527821858536453),omega=2.0,Reduced Rank,
rbf(gamma=4.576783367953395),omega=3.0,Principle Components (kDMD),
rbf(gamma=4.576783367953395),omega=3.0,Reduced Rank,
rbf(gamma=4.695539874725136),omega=1.5,Principle Components (kDMD),
rbf(gamma=4.695539874725136),omega=1.5,Reduced Rank,
rbf(gamma=4.704725278414615),omega=3.0,Principle Components (kDMD),
rbf(gamma=4.704725278414615),omega=3.0,Reduced Rank,
rbf(gamma=4.711807653363746),omega=2.0,Principle Components (kDMD),
rbf(gamma=4.711807653363746),omega=2.0,Reduced Rank,
rbf(gamma=4.802042454969445),omega=2.0,Principle Components (kDMD),
rbf(gamma=4.802042454969445),omega=2.0,Reduced Rank,
rbf(gamma=4.827741389329526),omega=1.5,Principle Components (kDMD),
rbf(gamma=4.827741389329526),omega=1.5,Reduced Rank,
rbf(gamma=4.840282137694677),omega=2.0,Principle Components (kDMD),
rbf(gamma=4.840282137694677),omega=2.0,Reduced Rank,
rbf(gamma=5.030191842330899),omega=2.0,Principle Components (kDMD),
rbf(gamma=5.030191842330899),omega=2.0,Reduced Rank,
rbf(gamma=5.137886041753015),omega=1.5,Principle Components (kDMD),
rbf(gamma=5.137886041753015),omega=1.5,Reduced Rank,
rbf(gamma=5.155241924572194),omega=3.0,Principle Components (kDMD),
rbf(gamma=5.155241924572194),omega=3.0,Reduced Rank,
rbf(gamma=5.282213489436212),omega=2.0,Principle Components (kDMD),
rbf(gamma=5.282213489436212),omega=2.0,Reduced Rank,
rbf(gamma=5.292721336295903),omega=2.0,Principle Components (kDMD),
rbf(gamma=5.292721336295903),omega=2.0,Reduced Rank,
rbf(gamma=5.665146324313894),omega=2.0,Principle Components (kDMD),
rbf(gamma=5.665146324313894),omega=2.0,Reduced Rank,
rbf(gamma=5.7870582985309715),omega=0.8,Principle Components (kDMD),
rbf(gamma=5.7870582985309715),omega=0.8,Reduced Rank,
rbf(gamma=5.939128388744899),omega=0.8,Principle Components (kDMD),
rbf(gamma=5.939128388744899),omega=0.8,Reduced Rank,
rbf(gamma=5.965993307897684),omega=1.5,Principle Components (kDMD),
rbf(gamma=5.965993307897684),omega=1.5,Reduced Rank,
rbf(gamma=6.249452280442342),omega=3.0,Principle Components (kDMD),
rbf(gamma=6.249452280442342),omega=3.0,Reduced Rank,
rbf(gamma=6.4144448438783455),omega=3.0,Principle Components (kDMD),
rbf(gamma=6.4144448438783455),omega=3.0,Reduced Rank,
rbf(gamma=6.76056749764226),omega=0.8,Principle Components (kDMD),
rbf(gamma=6.76056749764226),omega=0.8,Reduced Rank,
rbf(gamma=6.762277041217201),omega=3.0,Principle Components (kDMD),
rbf(gamma=6.762277041217201),omega=3.0,Reduced Rank,
rbf(gamma=6.94686518776038),omega=0.5,Principle Components (kDMD),
rbf(gamma=6.94686518776038),omega=0.5,Reduced Rank,
rbf(gamma=7.16959228646138),omega=0.8,Principle Components (kDMD),
rbf(gamma=7.16959228646138),omega=0.8,Reduced Rank,
rbf(gamma=7.213816454757681),omega=3.0,Principle Components (kDMD),
rbf(gamma=7.213816454757681),omega=3.0,Reduced Rank,
rbf(gamma=7.783123947795396),omega=2.0,Principle Components (kDMD),
rbf(gamma=7.783123947795396),omega=2.0,Reduced Rank,
rbf(gamma=7.975581906062089),omega=3.0,Principle Components (kDMD),
rbf(gamma=7.975581906062089),omega=3.0,Reduced Rank,
rbf(gamma=8.28208982734967),omega=3.0,Principle Components (kDMD),
rbf(gamma=8.28208982734967),omega=3.0,Reduced Rank,
rbf(gamma=8.569194291932899),omega=0.8,Principle Components (kDMD),
rbf(gamma=8.569194291932899),omega=0.8,Reduced Rank,
rbf(gamma=8.665150564852329),omega=0.8,Principle Components (kDMD),
rbf(gamma=8.665150564852329),omega=0.8,Reduced Rank,
rbf(gamma=8.786087019344853),omega=2.0,Principle Components (kDMD),
rbf(gamma=8.786087019344853),omega=2.0,Reduced Rank,
rbf(gamma=8.941977133862768),omega=3.0,Principle Components (kDMD),
rbf(gamma=8.941977133862768),omega=3.0,Reduced Rank,
rbf(gamma=9.055643717072906),omega=2.0,Principle Components (kDMD),
rbf(gamma=9.055643717072906),omega=2.0,Reduced Rank,
rbf(gamma=9.15356673590679),omega=3.0,Principle Components (kDMD),
rbf(gamma=9.15356673590679),omega=3.0,Reduced Rank,
rbf(gamma=9.40945055682923),omega=3.0,Principle Components (kDMD),
rbf(gamma=9.40945055682923),omega=3.0,Reduced Rank,
rbf(gamma=9.60408490993889),omega=2.0,Principle Components (kDMD),
rbf(gamma=9.60408490993889),omega=2.0,Reduced Rank,
